document_id,source,text,tanggal,tahun,bulan,tahun_bulan,place_name,place_category,rating
REV000001,ulasan,Gini ya mohon ma'af sebelumnya di puskesmas yang sekarang menurut saya kurang lengkap tidak seperti yang dulu waktu di senenan. dan lebih mementingkan pasien umum dari pada pasien BPJS. Ibu/Bapak petugas puskesmas mohon pengertian.nya kami Selaku pengguna BPJS itu setiap bulan.nya juga bayar tidak gratis. Mohon layani kami semaksimal mungkin. Jangan dikit2 rujukan rujukan dan rujukan.Jika fasilitas di puskesmas memadai kenapa tidak di tangani sendiri dan harus di rujuk. Saya dulu prnah mau memeriksakan gigi saya datang sekitar jam set 9 dan saya kaget krna petugas.nya bilang mohon ma'af antrian sudah di ttup kembali lagi besok 🫢,2026-05-23,2026,5,2026-05,UPT PUSKESMAS BANGKALAN,Fasilitas Kesehatan,1.0
REV000002,ulasan,"Saya kontrol anak dgn mendaftr onlin di jkn mobile,dokter dan perawat sangat melayani dgn baik sampk anak sy merasa sngat nyamn. Tetapi Sangat di sayang kan utk bagian pendaftaran ada laki2 kurus rambut lurus di bagian cetak Surat kontrol ketus bgt nada suaranya tidak menunjukkan kalau di bagian pelayanan dan cara bertanya suaranya membentak. Kalau memang tidak bisa melayani masyarakat mending jangan di tempatkan di situ. Ini bukan pertama kali tp sdh ke dua kalinya salahnya dimana, saya bilng baik2 dgn menyebutkan nama anak dftr online malah jawabnya ketus bgt kalau emang tanya data bilng baik2 toh tidak mengurangi performa jg.",2026-04-23,2026,4,2026-04,UPT PUSKESMAS BANGKALAN,Fasilitas Kesehatan,1.0
REV000003,ulasan,"Alhamdulillah pelayanan nya ramah dan suka senyum, bagus.. pertahankan 🥰 👌 ...",2026-08-23,2026,8,2026-08,UPT PUSKESMAS BANGKALAN,Fasilitas Kesehatan,5.0
REV000004,ulasan,"Bagian informasi tidak tanggap, ada pasien baru masuk masi ngobrol gk d bantu pendaftaran. Bagian pendaftaran tidak ramah, tidak mempertimbangkan kondisi pasien d minta menunggu pdhl sdg sepi. Mengarahkannya juga tdk ramah, judes. Jiwa pelayanannya tidak ada. Hanya terobati di bagian ruang dokter petugasnya ramah2",2026-01-23,2026,1,2026-01,UPT PUSKESMAS BANGKALAN,Fasilitas Kesehatan,1.0
REV000005,ulasan,"Terima kasih kepada tenaga kesehatan Puskesmas yang selalu sigap dan profesional dalam menangani pasien, serta memberikan edukasi yang jelas.",2026-02-23,2026,2,2026-02,UPT PUSKESMAS BANGKALAN,Fasilitas Kesehatan,5.0
REV000006,ulasan,Baru kali ini pergi ke puskesmas pelayanannya masyaallah banget . Telaten sabar .,2026-06-23,2026,6,2026-06,Puskesmas Kwanyar,Fasilitas Kesehatan,5.0
REV000007,ulasan,"Bagunan Puskesmasnya sudah modern 👍 Untuk pelayanannya sudah lumayan cepat, tapi untuk perawatnya kurang ramah. ...",2023-09-23,2023,9,2023-09,Puskesmas Kwanyar,Fasilitas Kesehatan,3.0
REV000008,ulasan,#Pelayanan kurang ramah khususnya bagian penerimaan pasien #Seakan akan lebih mementingkan pasien UMUM dari pada BPJS,2026-01-23,2026,1,2026-01,Puskesmas Kwanyar,Fasilitas Kesehatan,1.0
REV000011,ulasan,"Pelayan kurang bagus, masak ngambil nomer antrian lama gg di panggil sekitar 25 menit saya langsung ke loket pendaftaran, pas ke loket eh malah di tolak katanya udah tutup (alasan pemangilan nya rusak katanya) tapi tidak ada pemberitahuan",2026-05-23,2026,5,2026-05,Puskesmas Tanah Merah,Fasilitas Kesehatan,1.0
REV000012,ulasan,"pelayanan klaster 2 baik dokter x ramah,",2026-01-23,2026,1,2026-01,Puskesmas Tanah Merah,Fasilitas Kesehatan,5.0
REV000013,ulasan,Pelayanan Kluster 3 Terbaik Sangat Ramah,2026-01-23,2026,1,2026-01,Puskesmas Tanah Merah,Fasilitas Kesehatan,5.0
REV000014,ulasan,"Pertama kali kesana...bgus pelayanannya ..apalgi di ruangan dokter umumnya ,dokter DEVA dan semua yg d dalam...semuanya ramah,suka bercanda jg 😍 😍 😍 ...",2026-01-23,2026,1,2026-01,Puskesmas Tanah Merah,Fasilitas Kesehatan,5.0
REV000015,ulasan,"untuk pelayanan bagus cmn minusnya keamanannya kurang bgt, motor tmn saya ke malingan di sana",2026-08-23,2026,8,2026-08,Puskesmas Tanah Merah,Fasilitas Kesehatan,2.0
REV000016,ulasan,"Menjadi nakes tidak diciptakan selalu benar dan tidak melakukan kesalahan, tapi terus lah memberikan pelayanan terbaik sesuai kompetensi dan bermafaat terhadap banyak pasien atas keilmuan yg dimiliki for better life.. terus berbenah dan belajar mengakui kesalahan.. jangan menjadi nakes/instansi yg anti kritik.. bagian pengaduan sudah memberikan klarifikasi atas pelayanan yg saya alami, its a very good job and thanks.. semoga kedepan nya tidak ada lagi kejadian serupa.. dan untuk kedepannya berikanlah KIE kepada pasien saat itu juga jika prosedural yang dilakukan kurang sesuai / tidak dapat dilakukan.. its a good deal for everyone.. no ones is perfect in this world.. no excuse",2026-07-23,2026,7,2026-07,Puskesmas Arosbaya,Fasilitas Kesehatan,3.0
REV000017,ulasan,"Trima ksh puskesmas Arosbaya SDH memberikan informasi adanya pemeriksaan hpv dna,sehingga HR ini sy bs dpt melakukan pemeriksaan secara gratis.sy sangat mengapresiasikan seluruh petugas yg selalu memberikan pelayanan dg baik.sehingga menambah rasa percaya terhadap pelayanan yg di berikan..",2026-07-23,2026,7,2026-07,Puskesmas Arosbaya,Fasilitas Kesehatan,5.0
REV000018,ulasan,Pelayanannya tidak bagus. Infus Anak saya macet di plintir dengan 4 plintiran dengan keras tanpa melihat tangan anak saya yg bengkak. Ditambah lagi CS yg bernama NIKI menyurus saya mengambil pampers di tong SAMPAH non medis dengan alasan karna tidak di plastikin padahal tidak ada BAB nya klo tidak mau di ambih suruh bawa kerumah. Klo merasa Ingin Sikenal baik PKM mya mohon Jangan pandang bulu Evaluasi Pelayanannya ...,2026-08-23,2026,8,2026-08,Puskesmas Arosbaya,Fasilitas Kesehatan,1.0
REV000019,ulasan,"Pelayanan cukup baik, perawatnya juga ramah, semoga anak saya cpt smbuh lgi dirawat disini tgl dari mlm tgl 28, semoga cepat dpet kmr.",2026-07-23,2026,7,2026-07,Puskesmas Arosbaya,Fasilitas Kesehatan,4.0
REV000020,ulasan,"Pelayanan puskesmas arosbaya sangat tidak berperikemanusiaan, terutama pada pasien yang baru masuk di pagi hari.(Di tolak mentah mentah) Karena kurang buah buahanya. Untuk perawat yang laki laki pake kacamata berkumis lele sangat kurang ajar cara bicara dan nadanya tidak sopan nyakiti kluarga pasien.",2026-07-23,2026,7,2026-07,Puskesmas Arosbaya,Fasilitas Kesehatan,1.0
REV000021,ulasan,Saya kasih bintang 5 di pelayanan poli gigi apalgi dokternya namnya fahmi kalok gk salah pelayanan sangat ramah konsultasi nya detail sekali 👍 👍 👍 ...,2026-02-23,2026,2,2026-02,Puskesmas Induk Sukolilo,Fasilitas Kesehatan,5.0
REV000022,ulasan,"Pelayanan buruk sekali kariawan di IGD yg sfift malam kurang gercep pasien minta di infus, udah di panggil tapi ga dateng"", apa nunggu pasiennya sekarat baru dikasih infus",2026-07-23,2026,7,2026-07,Puskesmas Induk Sukolilo,Fasilitas Kesehatan,1.0
REV000024,ulasan,"Pelayanan buruk sekali kariawan di IGD yg sfift malam kurang gercep pasien minta di infus gk bisa ada aja alasannya , mau ikut umum malah alasannya ada aja lagi ,apa nunggu pasirnnya sekarat baru dikasih infus",2026-02-23,2026,2,2026-02,Puskesmas Induk Sukolilo,Fasilitas Kesehatan,1.0
REV000025,ulasan,•bangunan sudah baru dan di resmikan pada januari 2025 •tempatnya bersih dan sudah tertata •petugas juga ramah dan sopan dalam melayani masyarakat yang mau berobat •dan tentunya pelayanan sudah sesuai SOP (standart operasional pelayanan),2025-09-23,2025,9,2025-09,Puskesmas Induk Sukolilo,Fasilitas Kesehatan,5.0
REV000026,ulasan,"sorry banget ini emang puskesmasnya tidak memberikan fasilitas gratis untuk pemeriksaan kesehatan catin apa gimana sebab confirm dari puskesmas lain selalu diberi fasilitas gratis untuk medical check up catin tapi di puskesmas ini untuk pemeriksaan kesehatan CATIN ada biaya yang tertulis 25000 tapi waktu pembayaran di kasir diminta 35000, kurang amanah walaupun jumlah uang yang sedikit tapi saya tidak meng halalkan itu, bagian pelayanan lain masih oke lah ya tapi kurang hygenist, kebetulan saya sedang medical check up catin. rasa tak puas dan kecewa",2026-09-02,2026,9,2026-09,Puskesmas Kamal,Fasilitas Kesehatan,1.0
REV000027,ulasan,"Pelayanan puskesmas Kamal sangat baik, sigap, cepat dan ramah. Saya kemarin ke poli kandungan dan dokternya juga bidannya semua ramah dan baik, terimakasih pelayanannya, semoga semakin maju dan jaya. Aamiin.",2026-05-23,2026,5,2026-05,Puskesmas Kamal,Fasilitas Kesehatan,5.0
REV000028,ulasan,"Kontrol kehamilan awal di puskesmas Kamal, Alhamdulillah dilayani dengan sangat baik saat di loket. Dan kemarin malam proses melahirkan Alhamdulillah pihak UGD sangat sigap. Bidan, perawat sangat tanggap dan sangat sabar. Alhamdulillah semua proses selalu ditemani, tidak ada rasa canggung atau segan. Sangat nyaman. Dilayani dengan sangat telaten dan sabar sekali, mulai dari pelayanan untuk momy ataupun buat baby-nya. The Best untuk pelayanannya mulai dari awal persiapan persalinan sampai persalinan selesai sampai di perbolehkan pulang tadi dini hari. Bidan dan perawat banyak jadi enak banyak bantuan. Tidak membeda bedakan pelayanan terhadap orang orang, tempatnya bersih nyaman dan luas juga. Yang masih ragu ragu untuk periksa di puskesmas Kamal lebih baik kalian datang langsung dan buktikan sendiri karena memang pelayanannya sangat memuaskan.",2026-07-23,2026,7,2026-07,Puskesmas Kamal,Fasilitas Kesehatan,5.0
REV000029,ulasan,Pengalaman pertama saya lahiran ank pertama pelayanannya sangat baik Bidannya sunggu luar biasa dari yg ngebimbing ngedden ngajarin ngedden yg bagus murah senyum telaten gak ad yg judes ato marah2 sekalipun Pokoknya super duper bagus banget patut di ajungin jempol 👍 Eeiittttsss meskipun GRATIS bukan berati pelayanannya tidak bagus ya..No..No..No,2026-06-23,2026,6,2026-06,Puskesmas Kamal,Fasilitas Kesehatan,5.0
REV000030,ulasan,"Pelayanan di Poli KIA sangat ramah dan menyenangkan, hanya saja butuh support kelengkapan alat yang memadai terutama dalam hal alat USG 4D atau alat chek up bayi dsb untuk mendukung pelayanan lebih maksimal lagi",2026-05-23,2026,5,2026-05,Puskesmas Kamal,Fasilitas Kesehatan,4.0
REV000031,ulasan,Pelayanan di Puskesmas Klampis sangat baik dan ramah. Petugas medis dan administrasinya cekatan dalam melayani pasien. Fasilitasnya cukup bersih dan ruang tunggunya nyaman. Terima kasih atas dedikasinya dalam melayani masyarakat.,2026-05-23,2026,5,2026-05,Puskesmas Klampis,Fasilitas Kesehatan,5.0
REV000032,ulasan,"pelayanan gigi semakin bagus, kemaren saya tambal gigi belakang, penjelasan dokternya lengkap, gelas kumur bersih, pegawai makin ramah, sekarang tidak takut lagi gigit makanan",2026-01-23,2026,1,2026-01,Puskesmas Klampis,Fasilitas Kesehatan,5.0
REV000035,ulasan,"Pelayanan gigi nya makin bagus, dokter dan perawat ramah. Tempatnya Bersih dan eduksinya bagus dan masuk akal",2025-11-23,2025,11,2025-11,Puskesmas Klampis,Fasilitas Kesehatan,5.0
REV000036,ulasan,"1. Pendaftaran kurang ramah, apalagi jika kartu berobat lupa/hilang. Padahal kan komputer juga bisa bantu cari dengan bantuan NIK pasien gak sih kayak di RS gitu. 2. Untuk suntik tetanus kosong katanya meski minta rujukan ke RS percuma, di RS juga kosong karena kosong dari DinKes katanya, padahal di RS ada loh suntik tetatus. 3. Katanya kalau hari minggu, IGD puskesmas gak bisa kasih rujukan. Jadi pasien berangkat ke IGD RS tanpa rujukan. Kalau BPJSnya masih bisa kepakek, alhamdulillah. Tapi jika masih belum sesuai kategori, pembiayaan jd umum sebab tanpa ada bukti pengantar dari Puskesmas. 4. Untuk obat, mohon dicek nggeh. Sebab pernah dapet Exp obat di bulan+tahun saat ini (ke Puskesmas tgl 10 juni 2026 eh dapet exp obat juni 2026). Menurutku itu udah gak bisa dikasih ke pasien. Tapi gak tau juga takutnya menurut kategori Puskesmas itu masih aman 🙏 Ada yang pernah ngalami juga ? Entah di puskesmas yg sama atau di puskesmas lain 🙏 🙏",2026-06-23,2026,6,2026-06,Puskesmas Burneh,Fasilitas Kesehatan,2.0
REV000037,ulasan,Sangat mengecewakan banget dengan pelayanan disini saya tadi siang lupa tidak membawa buku KAI dll dan disana memakai jalur umum dan disana saya ditarif 50rb dipoli umum dan tidak logis sama sekali,2026-06-23,2026,6,2026-06,Puskesmas Burneh,Fasilitas Kesehatan,1.0
REV000038,ulasan,"Kecewa banget sudah sakit, harus repot ijin gak masuk kerja, antri 2 jam, ternyata alasannya sistem error untuk minta rujukan. Gaji kalian dr pajak, tp yg bayar pajak tidak kalian layani dg baik, kami sakit butuh solusi kesehatan, bukannya dihianati kyk gini.",2026-07-23,2026,7,2026-07,Puskesmas Burneh,Fasilitas Kesehatan,1.0
REV000039,ulasan,Pelayanan kurang baik. No antrian awal terserobot no antrian di belakangnya. Mohon jika ada komplain dari pasien di layani dengan baik. Agar tidak mengantri tambah lama,2026-08-23,2026,8,2026-08,Puskesmas Burneh,Fasilitas Kesehatan,1.0
REV000040,ulasan,"Alhamdulillah hari ini perawatan gigi anak saya berjalan baik, semoga pelayanan akan terus semakin baik",2026-08-23,2026,8,2026-08,Puskesmas Burneh,Fasilitas Kesehatan,5.0
REV000041,ulasan,"Gak ramah banget terutama perawat laki laki yg tgl 23 April di jam sekitar 3-4 sore. Pakai nada tinggi ke keluarga pasien, padahal cuman nanyak kondisi pasien.",2026-05-23,2026,5,2026-05,Puskesmas Socah,Fasilitas Kesehatan,1.0
REV000042,ulasan,Puskesmas Socah -bangkalan -jawa timur Pelayanannya sangat baik dan produktif 👍 😊 😊 🙏 ...,2026-05-23,2026,5,2026-05,Puskesmas Socah,Fasilitas Kesehatan,5.0
REV000043,ulasan,Pelayanan kurang bagus. 1 tidak ada pagar 2 3 hari di rumah sakit cuma dapat mbg 1x 3 tidak ada seprai,2026-05-23,2026,5,2026-05,Puskesmas Socah,Fasilitas Kesehatan,1.0
REV000044,ulasan,"ga ramah banget , katanya buka 24jam giliran saya sakit parah gakuat nahan kesana jam 2 pagi malah dibilang ""ngapain kesini sekarang ? gabisa lain kali kan masi banyak waktu"" kata si perawat sana , sumpah gedek banget kok bisa begitu omongannya ke pasien , tolong siapapun jangan kesana deh bukan nya di obati malah di maki sama perawat sana",2025-11-23,2025,11,2025-11,Puskesmas Socah,Fasilitas Kesehatan,1.0
REV000045,ulasan,"Ga ramah, pelayanannya kurang,kurang sat set",2026-06-23,2026,6,2026-06,Puskesmas Socah,Fasilitas Kesehatan,1.0
REV000046,ulasan,"Saya ke puskesmas ini untuk ke poli mata,dulu sdh pernah kesini di periksa ke poli mata tapi sekarang malah di periksa ke pemeriksaan umum dan yg meriksa juga tidak sesuai dgn dokter yg terjadwal malah yg periksa perawat yg bukan di bidang nya,saya tidak puas dgn pemeriksaan nya karna klw ke poli mata cek mata dgn angka yg ada di layar biasa nya di periksa apa karena minus nya bertambah atau gimana. Terus untuk pelayanan nya sambil ngobrol dgn teman nya tidak sambih mengerjakan apa yg harus di kerjakan seperti menulis resep obat karna pasien di luar rame dan saya juga ibu yg menyesui yg perlu sat set karna tidak bisa meninggal kan anak di rumah dgn lama. Tolong di perhatikan ya puskesmas tanjung bumi keluhan pasien",2025-09-23,2025,9,2025-09,UPT Puskesmas Tanjungbumi,Fasilitas Kesehatan,1.0
REV000047,ulasan,Dokternya cakep.. Baik hati n ramah,2026-02-23,2026,2,2026-02,UPT Puskesmas Tanjungbumi,Fasilitas Kesehatan,5.0
REV000048,ulasan,"Pelayanan buruk , kemarin saya mau kirim Pasien ditolak tidak dilihat atau dimasukkan ke ugd lgsung ditolak dg alasan kamar full . knp tidak diperiksa dlu . 👎 malah ditolak mentah"" ...",2024-09-23,2024,9,2024-09,UPT Puskesmas Tanjungbumi,Fasilitas Kesehatan,1.0
REV000049,ulasan,Pelayanan sdh membaik alhamdulillah,2026-02-23,2026,2,2026-02,UPT Puskesmas Tanjungbumi,Fasilitas Kesehatan,5.0
REV000050,ulasan,Jam 08:00 belum ada pelayanan apapun dan pegawai nya pun 2/3 padahal sudah banyak yang ngantri,2025-09-23,2025,9,2025-09,UPT Puskesmas Tanjungbumi,Fasilitas Kesehatan,1.0
REV000051,ulasan,"Alhamdulillah, selama berobat di klinik Pratama Yulia Medika, dokter, perawat dan adminnya sangat ramah sungguh senang berobat di klinik ini....",2026-06-23,2026,6,2026-06,KLINIK PRATAMA YULIA MEDIKA,Fasilitas Kesehatan,5.0
REV000052,ulasan,"Pelayanannya cepat dokternya ramah,,, respon dokternya juga baik,,, terimakasih atas bantuannya sukses selalu",2026-04-23,2026,4,2026-04,KLINIK PRATAMA YULIA MEDIKA,Fasilitas Kesehatan,5.0
REV000053,ulasan,cukup 1x kesini ketemu dokter gigi yang gak ada sopan2nya analisis kurang tepat. gigi bolong sakit minta dibersihin malah di tambal yang ada infeksi bengkak bernanah. obatnya mahal amoxilin di apotek harganya cuma berapa ribu doang. ini malah dijual 100k. kasih resep suruh tebus obat yang bagus kan enak.,2025-09-23,2025,9,2025-09,KLINIK PRATAMA YULIA MEDIKA,Fasilitas Kesehatan,1.0
REV000054,ulasan,"Jauh jauh dari jogya ke bagkalan di rumah saudara tiba tiba sakit. Langsung cuzzz ke klinik Yulia medika, segera di tangani. Dokter dan perawat nya gercep... Oke",2025-12-23,2025,12,2025-12,KLINIK PRATAMA YULIA MEDIKA,Fasilitas Kesehatan,5.0
REV000055,ulasan,"Sudah kesekian kalinya berobat di sini 🥰 , semua keluarga ku cocok berobat di sini, selain itu dokter dan perawatnya ramah, sabar murah senyum.. cepat dalam melakukan tindakan. Recommend 👍 ...",2025-09-23,2025,9,2025-09,KLINIK PRATAMA YULIA MEDIKA,Fasilitas Kesehatan,5.0
REV000056,ulasan,"Pelayanannya ramah, baik semua di usahakan yang terbaik",2026-05-23,2026,5,2026-05,KLINIK dr.Sholeh (KLINIK ARSYFA FIRST MEDIKA),Fasilitas Kesehatan,5.0
REV000057,ulasan,Usg murah kwalitas bagus Pelayanan ramah 🌷 ...,2026-06-23,2026,6,2026-06,KLINIK dr.Sholeh (KLINIK ARSYFA FIRST MEDIKA),Fasilitas Kesehatan,5.0
REV000058,ulasan,Pelayanan nya sangat baik dan ramah 👍 👍 👍 ...,2023-09-23,2023,9,2023-09,KLINIK dr.Sholeh (KLINIK ARSYFA FIRST MEDIKA),Fasilitas Kesehatan,5.0
REV000059,ulasan,Pelayanan bagus dan cepat.karyawan nya sangat ramah,2023-09-23,2023,9,2023-09,KLINIK dr.Sholeh (KLINIK ARSYFA FIRST MEDIKA),Fasilitas Kesehatan,5.0
REV000060,ulasan,Pelayanan admin/kasir nya kurang care banget . Karyawannya cuek. Trus dari segi online / wa respon lama padahal urgent banget . Tolong di evaluasi kembali biar jadi lbih baik,2022-09-23,2022,9,2022-09,KLINIK dr.Sholeh (KLINIK ARSYFA FIRST MEDIKA),Fasilitas Kesehatan,1.0
REV000061,ulasan,"Kliniknya bagus bersih rapi Pelayanan sangat memuaskan melayani BPJS baik peserta Umum TNI maupun PNS Petugas baik dan ramah sekali dalam memberikan informasi terkait pelayanan antrian cepat gak menunggu lama Datang langsung dilayani gak harus menunggu lama Pokoknya puas sekali berobat di klinik kodim ini Sekedar informasi klinik ini melayani pelayanan Kesehatan Umum , Kesehatan Gigi dan Mulut , Pelayanan Kesehatan Ibu dan bayi serta KB",2024-09-23,2024,9,2024-09,Klinik Pratama Poskes Kodim 0829 Bangkalan,Fasilitas Kesehatan,5.0
REV000062,ulasan,"Pelayanan gacor, dokter poli gigi telaten dan sabar bngttt 🫶 🏻 ❤ ️ ...",2026-05-23,2026,5,2026-05,Klinik Pratama Poskes Kodim 0829 Bangkalan,Fasilitas Kesehatan,5.0
REV000063,ulasan,"Usg di hari jum'at Promo siiiih tapi mbak"" yg nanganin di luar Judeeesssssssssss pooooooooooollllllllll Nanya sy no antrian no brp Mlh di jawab ""sbntar lagi jgn kmn"" Yo opooo to mbaaak Ada masalah apa dgn diri mu Klo bisa di ganti gtu sama mbak"" yg lain",2023-09-23,2023,9,2023-09,Klinik Pratama Poskes Kodim 0829 Bangkalan,Fasilitas Kesehatan,1.0
REV000064,ulasan,"dokternya angkuh, g ramah, ga dikasi obat, tadi sy konsul bilangnya cm ""oh gitu aja"" ,lalu disuruh pulang minum Paracetamol ga dikasih obatnya, ga akan ke sini lagi, pelayanannya busuk",2024-09-23,2024,9,2024-09,Klinik Pratama Poskes Kodim 0829 Bangkalan,Fasilitas Kesehatan,1.0
REV000065,ulasan,Dokter usg nya gak tepat waktu.. datangnya lama.. udh nunggunya lama kalo mati lampu poskes nya gk punya genset / diesel.. masak sekelas puskesmas gk punya genset/diesel,2023-09-23,2023,9,2023-09,Klinik Pratama Poskes Kodim 0829 Bangkalan,Fasilitas Kesehatan,1.0
REV000066,ulasan,"Alhamdulillah... Adanya klinik pratama najwa medika sangat membantu kami, stafnya baik baik & ramah 😊 😊 saya sudah beberapa kali kesini sellu cocok. Terimakasih banyak semua dokter & stafnya ...",2026-09-09,2026,9,2026-09,KLINIK PRATAMA NAJWA,Fasilitas Kesehatan,5.0
REV000067,ulasan,"Pelayanan ramah, tempat nyaman, tenang dan bersih",2026-06-23,2026,6,2026-06,KLINIK PRATAMA NAJWA,Fasilitas Kesehatan,5.0
REV000068,ulasan,"Pelayanan admin sangat buruk, pernah nanya masalah imunisasi yg tersedia, tapi si admin malah nyuruh nanya ke bidannya lgsg, product knowledge buruk atau emang malas dan pernah juga di balas dg full capslock",2025-09-23,2025,9,2025-09,KLINIK PRATAMA NAJWA,Fasilitas Kesehatan,1.0
REV000069,ulasan,Pelayanannya baik ramah mudah dipahami,2025-09-23,2025,9,2025-09,KLINIK PRATAMA NAJWA,Fasilitas Kesehatan,5.0
REV000070,ulasan,Klinik pelayanan terburuk,2026-04-23,2026,4,2026-04,KLINIK PRATAMA NAJWA,Fasilitas Kesehatan,1.0
REV000071,ulasan,"Pelayanannya bagus, perawatnya telaten, harga terjangkau, kids friendly, melayani homecare juga dan sangat on time sesuai jam janjian. Highly recommended 👍 🏻 ...",2026-08-23,2026,8,2026-08,Praktek Keperawatan Mandiri JJ Wound Care Bangkalan,Fasilitas Kesehatan,5.0
REV000072,ulasan,"Yang butuh jasa rawat luka bisa ke jj woundcare ajaaa, kids friendly bangettt, telaten, perawatnya soft spoken banget klo ngomong, yang terpenting perawatnya udah tersertifikasi untuk rawat luka",2025-09-23,2025,9,2025-09,Praktek Keperawatan Mandiri JJ Wound Care Bangkalan,Fasilitas Kesehatan,5.0
REV000073,ulasan,"Alhamdulillah baik dalam perawatann, baik dalam merawatt dan melayani pasien, sip deh pokoknya. Dan pastinyaa kalau merawat pasien memakai sarung tangan, dll, jadi aman. Yang pastinya perawatnya ramah, trus hasilnya bagus sippp.. Maka dri itu jika kalian butuh perawatan luka apapun bisa di jj wound care... 😍 😍 ...",2023-09-23,2023,9,2023-09,Praktek Keperawatan Mandiri JJ Wound Care Bangkalan,Fasilitas Kesehatan,5.0
REV000074,ulasan,"sangat top , luka d rawat sampai tuntas , trimakasih byk mbak jj",2026-02-23,2026,2,2026-02,Praktek Keperawatan Mandiri JJ Wound Care Bangkalan,Fasilitas Kesehatan,5.0
REV000075,ulasan,"Alhamdulillah merawat luka di bak jeje (sebutan anak saya kepada perawat yang sabar, telaten dan baik) amat aman dan nyaman. .. Adik bilqis jadi gk takut cabut kuku kakinya yang sempat melupas gara gara kesandung",2024-09-23,2024,9,2024-09,Praktek Keperawatan Mandiri JJ Wound Care Bangkalan,Fasilitas Kesehatan,4.0
REV000076,ulasan,Alur pendaftaran cepat dan TDK berbelit belit.dokter dan perawatnya sabar dengerin keluhan n memberikan penjelasan medis dgn BHS yg mudah dimengerti.ruangan tunggu nya bersih dan nyaman .plussss duinginn bgt,2026-09-09,2026,9,2026-09,Klinik Kesehatan - UTM,Fasilitas Kesehatan,5.0
REV000077,ulasan,pelayanannyaaa gercepp bidannya baik baikkk klo ada yg bingung tinggal tanyak ajaaa soalnya bakal di jelasin sampe ngerti,2026-09-09,2026,9,2026-09,Klinik Kesehatan - UTM,Fasilitas Kesehatan,5.0
REV000078,ulasan,"Saya periksa kesini dilayani dengan sangat bagus, dari pendaftaran sampai ke dokternya. Di beri arahan juga untuk selanjutnya supaya bisa sembuh 😊 ...",2026-09-09,2026,9,2026-09,Klinik Kesehatan - UTM,Fasilitas Kesehatan,5.0
REV000079,ulasan,"periksa gigi disini, dokternya friendly dan enak diajak konsultasi, ngasih tindakan yang sesuai dan menyelesaikan masalah gigi saya:)",2026-08-23,2026,8,2026-08,Klinik Kesehatan - UTM,Fasilitas Kesehatan,5.0
REV000080,ulasan,"Saya puas dengan layanan klinik UTM, sangat membantu dan memudahkan mahasiswa UTM yang membutuhkan pelayanan medis",2026-08-23,2026,8,2026-08,Klinik Kesehatan - UTM,Fasilitas Kesehatan,5.0
REV000082,ulasan,"tidak ramah, periksai istri lagi batuk pilek (kondisi hamil). niat nya biar dpt obat yg cocok untuk ibu hamil. apoteker yg laki laki ngobrol sama temannya ""kok gak periksa ke bidan sambil nada ngejek"". kita periksa buat penyakitnya bukan periksa ke hamilan. sangat tidak ramah. sombong sekali. biar Allah yang membalas",2026-05-23,2026,5,2026-05,KLINIK ANNA MEDIKA MADURA,Fasilitas Kesehatan,1.0
REV000083,ulasan,"Bagian admin atas nama anis tdk ramah, terlalu judes melayani pasien. Semoga kedepannya lbh memperbaiki sikap",2026-07-23,2026,7,2026-07,KLINIK ANNA MEDIKA MADURA,Fasilitas Kesehatan,1.0
REV000084,ulasan,"Pelayanan sangat baik, sdh menggunakan antrian digital, dokter dan perawat sangat ramah, tempatnya nyaman untuk pasien",2025-09-23,2025,9,2025-09,KLINIK ANNA MEDIKA MADURA,Fasilitas Kesehatan,5.0
REV000086,ulasan,"Pelayanan klinik yang sangat memuaskan, dan cepat Terimakasih klinik anna Medika atas pelayanan nya yang ramah 🙏 ...",2026-03-23,2026,3,2026-03,KLINIK ANNA MEDIKA MADURA,Fasilitas Kesehatan,5.0
REV000087,ulasan,"Pelayanannya baik banget,ramah,murah senyumm",2025-09-23,2025,9,2025-09,Klinik Anna Medika,Fasilitas Kesehatan,5.0
REV000088,ulasan,Pelayanan cepat petugas ramah dokter telaten,2025-09-23,2025,9,2025-09,Klinik Anna Medika,Fasilitas Kesehatan,5.0
REV000090,ulasan,Klinik bagus pelayanan cepat,2025-09-23,2025,9,2025-09,Klinik Anna Medika,Fasilitas Kesehatan,5.0
REV000091,ulasan,"Kritik Keras terhadap Fasilitas dan Pelayanan Rumah Sakit Sangat disayangkan bahwa rumah sakit ini tidak menyediakan ruang tunggu yang layak, bukan hanya di ICCU, tetapi juga di IGD dan rawat inap. Hal ini menunjukkan masalah yang bukan sekadar kekurangan kecil, melainkan kegagalan mendasar dalam penyediaan fasilitas dasar. Keluarga pasien terpaksa menunggu di lorong yang masih aktif digunakan untuk aktivitas medis. Bagaimana mungkin seseorang bisa beristirahat dalam kondisi seperti itu? Setiap ada pasien datang atau aktivitas berlangsung, mereka harus terus bangun dan menyingkir. Ini jelas tidak manusiawi dan sangat melelahkan. Keluarga pasien juga berada dalam kondisi stres dan kelelahan. Jika mereka tidak diberi tempat istirahat yang layak, bukan tidak mungkin yang awalnya sehat justru ikut jatuh sakit. Situasi ini mencerminkan kurangnya empati dan perhatian dari pihak rumah sakit terhadap kebutuhan dasar keluarga pasien. Ditambah lagi dengan akses yang sulit serta petugas yang tidak komunikatif, pengalaman yang dirasakan menjadi semakin buruk. Informasi yang minim hanya memperparah kebingungan di tengah situasi yang sudah genting. Dengan kondisi seperti ini, rumah sakit ini menjadi kurang direkomendasikan sebagai tempat rujukan. Fasilitas dasar saja tidak terpenuhi, sementara pelayanan komunikasi juga jauh dari memadai. Rumah sakit seharusnya menjadi tempat yang memberikan rasa aman, bukan justru menambah beban fisik dan mental bagi pasien maupun keluarganya. Evaluasi dan perbaikan menyeluruh sangat mendesak untuk dilakukan.",2026-05-23,2026,5,2026-05,RSUD Syarifah Ambami Rato Ebu,Fasilitas Kesehatan,2.0
REV000092,ulasan,"nunggu 3 jam di pfarmacy .loket pengambilan obat rawat jalan perlu diupgarde, pelayanan sangat2 lama. hanya ada 1 loket yg melayani +-200 pasien setiap harinya. tolong ditambah personilnya",2026-05-23,2026,5,2026-05,RSUD Syarifah Ambami Rato Ebu,Fasilitas Kesehatan,1.0
REV000093,ulasan,"2024 selama 6 bulan mengantar rawat jalan ibu yang osteoporosis. Harus fisioterapi setiap Minggu. Dibandingkan beberapa tahun lalu, pelayanan jauh lebih baik Satpam dan staf administrasi cukup membantu Tenaga medis juga sangat membantu kesembuhan ibu saya Mungkin ada sesekali dari nakes yang tampak mulai emosi ketika pasien banyak dan keluarga pasien tidak bisa bekerja sama. Semoga ke depan makin baik",2025-12-23,2025,12,2025-12,RSUD Syarifah Ambami Rato Ebu,Fasilitas Kesehatan,4.0
REV000094,ulasan,Klo perawatan nya oke bagus. Tp tolong dong saran dari saya cm satu kamar mandi tolong lebih di sediakan di stiap lorong untuk pengunjung atau penjenguk jgn di campur sm toilet pasien 🙏 ...,2026-09-09,2026,9,2026-09,RSUD Syarifah Ambami Rato Ebu,Fasilitas Kesehatan,2.0
REV000095,ulasan,"mohon maaf tapi pelayanannya kurang, masa orang tua saya sudah daftar online dan datang 30 menit sebelum estimasi tapi di tolak pas sampe di loket pendaftaran karena katanya poli itu sudah tutup. harusnyaa kan di layani yaaa karena udah mengikuti prosedur untuk mengambil nomer antrian lewat JKN. dan malah diarahkan ke poli lain padahal udah jelas jelas orang tua saya mau ke poli saraf. kasian jugaa sama orang lain yang mungkin rumahnya jauh jauh udah ambil antrian online tapi ga di layani dengan baik",2026-08-23,2026,8,2026-08,RSUD Syarifah Ambami Rato Ebu,Fasilitas Kesehatan,1.0
REV000108,ulasan,Tempatnya tak rapi kurg bersih,2024-09-23,2024,9,2024-09,Pasar Ki Lemah Duwur Bangkalan,Tempat Umum,5.0
REV000117,ulasan,Lengkap murah layanan seepp.. Salah satu destinasi wisata belanja dan kuliner,2023-09-23,2023,9,2023-09,Pasar Ki Lemah Duwur Bangkalan,Tempat Umum,5.0
REV000121,ulasan,Kumuh tdk terawat msh byk sampah,2023-09-23,2023,9,2023-09,Pasar Ki Lemah Duwur Bangkalan,Tempat Umum,5.0
REV000122,ulasan,"Perlu ditingkatkan penataan dan kebersihan nya, sampah masih numpuk di parkiran",2023-09-23,2023,9,2023-09,Pasar Ki Lemah Duwur Bangkalan,Tempat Umum,4.0
REV000156,ulasan,"Lumayan bersih pasarnya, banyak pilihan belanjaannya pula untuk kebutuhan dapur",2022-09-23,2022,9,2022-09,Pasar Ki Lemah Duwur Bangkalan,Tempat Umum,5.0
REV000159,ulasan,"Pasarnya masih tradisional. Kalo mau beli sayur, buah, bumbu, daging, datangnya kudu pagiiii banget! Datang jam setengah 7 dah gak bisa milih soalnya yang bagus2 dah diambil orang. Sayangnya parkir motornya deket sama tempat sampah, sampahnya berceceran gitu.",2022-09-23,2022,9,2022-09,Pasar Ki Lemah Duwur Bangkalan,Tempat Umum,4.0
REV000164,ulasan,Sekarang dah banyak yg tutup.. ada sebagian lorong yg kotor karena tidak terpakai banyak sampah,2022-09-23,2022,9,2022-09,Pasar Ki Lemah Duwur Bangkalan,Tempat Umum,4.0
REV000165,ulasan,Lebih tertib&jaga kebersihannya,2022-09-23,2022,9,2022-09,Pasar Ki Lemah Duwur Bangkalan,Tempat Umum,4.0
REV000170,ulasan,Bersih ama n dan nyaman,2021-09-23,2021,9,2021-09,Pasar Ki Lemah Duwur Bangkalan,Tempat Umum,5.0
REV000177,ulasan,pasarnya bersih dan juga ramai disana,2021-09-23,2021,9,2021-09,Pasar Ki Lemah Duwur Bangkalan,Tempat Umum,5.0
REV000187,ulasan,"Kebersihannya kurang msh banyak sampah berserakan di area parkir, dan gak ada yg menata parkir meskipun sdh bayar tiket masuk",2021-09-23,2021,9,2021-09,Pasar Ki Lemah Duwur Bangkalan,Tempat Umum,3.0
REV000197,ulasan,Bagus sihh cuman kotoran sampah banyak berceceran,2021-09-23,2021,9,2021-09,Pasar Ki Lemah Duwur Bangkalan,Tempat Umum,4.0
REV000198,ulasan,"kotor , sepi",2021-09-23,2021,9,2021-09,Pasar Ki Lemah Duwur Bangkalan,Tempat Umum,3.0
REV000201,ulasan,Tempatnya kurang bersih,2021-09-23,2021,9,2021-09,Pasar Ki Lemah Duwur Bangkalan,Tempat Umum,3.0
REV000208,ulasan,"Bagus.. Sayang tak terusrus.. Batako sdh pada legok semua, sampah merajalela dan ulat2 pada menari-nari.",2021-09-23,2021,9,2021-09,Pasar Ki Lemah Duwur Bangkalan,Tempat Umum,5.0
REV000215,ulasan,"Batik bgus dan cukup murah, tp toilet krg bersih",2021-09-23,2021,9,2021-09,Pasar Ki Lemah Duwur Bangkalan,Tempat Umum,4.0
REV000218,ulasan,"Tempat bagus, cukup bersih dan stand jual yang cukup bervariatif dan lengkap",2021-09-23,2021,9,2021-09,Pasar Ki Lemah Duwur Bangkalan,Tempat Umum,5.0
REV000228,ulasan,Mudah dijangakau pelayanan khas bangkalan,2021-09-23,2021,9,2021-09,Pasar Ki Lemah Duwur Bangkalan,Tempat Umum,5.0
REV000262,ulasan,"Tempat kurang bersih, barang murah murah. Harus pandai menawar",2020-09-23,2020,9,2020-09,Pasar Ki Lemah Duwur Bangkalan,Tempat Umum,4.0
REV000269,ulasan,Di parkiran depan ga ada toilet nya,2020-09-23,2020,9,2020-09,Pasar Ki Lemah Duwur Bangkalan,Tempat Umum,3.0
REV000279,ulasan,Rapi dan bersih.,2020-09-23,2020,9,2020-09,Pasar Ki Lemah Duwur Bangkalan,Tempat Umum,4.0
REV000309,ulasan,Kotor tidak terawat,2020-09-23,2020,9,2020-09,Pasar Ki Lemah Duwur Bangkalan,Tempat Umum,1.0
REV000318,ulasan,Bersih dan tertata rapi.. 👍 🏻 👍 🏻 👍 🏻 ...,2019-09-23,2019,9,2019-09,Pasar Ki Lemah Duwur Bangkalan,Tempat Umum,5.0
REV000325,ulasan,"Pasarnya bersih luas komplit untuk belanja oleh""",2019-09-23,2019,9,2019-09,Pasar Ki Lemah Duwur Bangkalan,Tempat Umum,5.0
REV000327,ulasan,"Pasarnya lengkap, cuma agak kurang bersih parkiran sampingnya",2019-09-23,2019,9,2019-09,Pasar Ki Lemah Duwur Bangkalan,Tempat Umum,4.0
REV000333,ulasan,Kebersihan hrs di jaga,2019-09-23,2019,9,2019-09,Pasar Ki Lemah Duwur Bangkalan,Tempat Umum,3.0
REV000334,ulasan,Pasar paginya semrawut dan kotor,2019-09-23,2019,9,2019-09,Pasar Ki Lemah Duwur Bangkalan,Tempat Umum,2.0
REV000380,ulasan,Tempatnya lengkap dan bersih,2019-09-23,2019,9,2019-09,Pasar Ki Lemah Duwur Bangkalan,Tempat Umum,5.0
REV000385,ulasan,kurang memperhatikan kebersihan,2019-09-23,2019,9,2019-09,Pasar Ki Lemah Duwur Bangkalan,Tempat Umum,2.0
REV000390,ulasan,Bagus Aman lumayan bersih,2019-09-23,2019,9,2019-09,Pasar Ki Lemah Duwur Bangkalan,Tempat Umum,5.0
REV000425,ulasan,Tidak bersih dan mahal.,2018-09-23,2018,9,2018-09,Pasar Ki Lemah Duwur Bangkalan,Tempat Umum,1.0
REV000456,ulasan,Lumayan bersih untuk ukuran pulau madura,2018-09-23,2018,9,2018-09,Pasar Ki Lemah Duwur Bangkalan,Tempat Umum,3.0
REV000465,ulasan,Saya suka pasarnya bersih,2018-09-23,2018,9,2018-09,Pasar Ki Lemah Duwur Bangkalan,Tempat Umum,5.0
REV000470,ulasan,Sembako murah dan pasarnya tidak becek,2018-09-23,2018,9,2018-09,Pasar Ki Lemah Duwur Bangkalan,Tempat Umum,5.0
REV000475,ulasan,"Pasar Tradisional di Bangkalan Madura yang bersih, murah dan lumayan lengkap.",2018-09-23,2018,9,2018-09,Pasar Ki Lemah Duwur Bangkalan,Tempat Umum,4.0
REV000478,ulasan,"Agak kotor dan kurang rapi, padahal pasar wisata",2017-09-23,2017,9,2017-09,Pasar Ki Lemah Duwur Bangkalan,Tempat Umum,3.0
REV000493,ulasan,"Rata2 harga terlalu mahal dibanding kualitas yang tersedia. Jika anda pendatang, siap2 aja harga dimahalin. Kotor, dan koridor sempit karena pedagang menaruh barang di koridor.",2017-09-23,2017,9,2017-09,Pasar Ki Lemah Duwur Bangkalan,Tempat Umum,2.0
REV000506,ulasan,- kebersihan di tempat perlu diperhatikan lagi sehingga masyarakat nyaman untuk berbelanja 🙏 ...,2024-09-23,2024,9,2024-09,Pasar Tradisional Bangkalan,Tempat Umum,4.0
REV000507,ulasan,Koleksi banyak VARIAN. Mulai level bawah lalu menengah lalu atas. Bisa NAWAR lagi. Cuman KEBERSIHAN AREA include toilet/kamar mandi,2024-09-23,2024,9,2024-09,Pasar Tradisional Bangkalan,Tempat Umum,3.0
REV000537,ulasan,Semakin baik dan bersih sejak direnovasi.,2024-09-23,2024,9,2024-09,Pasar Senenan Bangkalan,Tempat Umum,5.0
REV000573,ulasan,Tempat bersih. Penjual bermacam-macam. Ada kue cucur enak. Pak parkir sangat membantu,2022-09-23,2022,9,2022-09,Pasar Senenan Bangkalan,Tempat Umum,5.0
REV000575,ulasan,"Trimakasih pemkab. Bangkalan, tampilan pasar senenan kelihat bersih, lbh tertib & gak kelihat kumuh. Smoga dilanjutkan dg pembenahan pasar tradisional lain, biar tdk luber di pinggir jln & bikin tdk nyaman pemakai jln 😉 👍 ...",2022-09-23,2022,9,2022-09,Pasar Senenan Bangkalan,Tempat Umum,4.0
REV000585,ulasan,Bersih 👍 🏻 ...,2022-09-23,2022,9,2022-09,Pasar Senenan Bangkalan,Tempat Umum,5.0
REV000664,ulasan,Bersih dg lokasi ditengah kota,2020-09-23,2020,9,2020-09,Pasar Senenan Bangkalan,Tempat Umum,3.0
REV000675,ulasan,"Setelah renovasi bagian timur pasar jd lebih bagus, bersih. Tempat parkir tidak nyaman krn sempit. Barang2 yg dijual lengkap trutama di hari senin",2019-09-23,2019,9,2019-09,Pasar Senenan Bangkalan,Tempat Umum,3.0
REV000678,ulasan,Bersih dan strategis,2019-09-23,2019,9,2019-09,Pasar Senenan Bangkalan,Tempat Umum,5.0
REV000734,ulasan,Pasarnya kurang bersih... perlu pembinaan terus agar pedagang tetap menjaga kebersihan... lapak kosong terlihat kumuh.,2017-09-23,2017,9,2017-09,Pasar Senenan Bangkalan,Tempat Umum,2.0
REV000756,ulasan,Tempat bersih dan teratur cuman tidak se ramai tahun 1990 an. Tempat ini sekarang sepi,2022-09-23,2022,9,2022-09,Pasar Senggol Bangkalan,Tempat Umum,5.0
REV000770,ulasan,"Pasar senggol merupakan salah satu pasar tradisional yang menyediakan berbagai macam kuliner khas Bangkalan, baju seragam, baju muslim, obat-obatan, pakan burung, pet shop, butik, service arloji / jam, toko roti, peralatan dan perlengkapan sepeda motor dan lain sebagai nya.",2022-09-23,2022,9,2022-09,Pasar Senggol Bangkalan,Tempat Umum,5.0
REV000778,ulasan,"Murah, lengkap, parkiran luas dan aman, pelayanan ramah",2021-09-23,2021,9,2021-09,Pasar Senggol Bangkalan,Tempat Umum,5.0
REV000780,ulasan,"Tempat jual sate, martabak lawas, baju baju dan sandal dan perlengkapan sepeda motor juga apotek rahmat",2021-09-23,2021,9,2021-09,Pasar Senggol Bangkalan,Tempat Umum,5.0
REV000788,ulasan,Tempatnya di pinggir jalan bersih,2021-09-23,2021,9,2021-09,Pasar Senggol Bangkalan,Tempat Umum,5.0
REV000798,ulasan,"Tempat yang menyediakan berbagai lapak untuk penjual. Mulai dari makanan, kebutuhan pribadi, hewan peliharaan, laundry, obat obatan, dan masih banyak lagi",2020-09-23,2020,9,2020-09,Pasar Senggol Bangkalan,Tempat Umum,4.0
REV000837,ulasan,"Bagus ,petugas kebersihannya disiplin, jam 02:00 pagi petugas kebersihannya sudah bekerja",2024-09-23,2024,9,2024-09,Pasar Kasorjen,Tempat Umum,4.0
REV000919,ulasan,"Seperti pasar pasar biasanya, disana juga menjual berbagai bahan makanan pokok, pakaian, serta mainan untuk anak anak. Kurangnya disana cukup bau juga.",2024-09-23,2024,9,2024-09,PASAR BANCARAN,Tempat Umum,4.0
REV000944,ulasan,"Okelah kalo untuk belanja sembako, cuma berantakan dan becek banget",2023-09-23,2023,9,2023-09,PASAR BANCARAN,Tempat Umum,3.0
REV000955,ulasan,Pasar yang bersih,2023-09-23,2023,9,2023-09,PASAR BANCARAN,Tempat Umum,5.0
REV001042,ulasan,Becek sekali pasarx,2019-09-23,2019,9,2019-09,PASAR BANCARAN,Tempat Umum,2.0
REV001052,ulasan,"Belanja keperluan sehari-hari semakin deket, masih banyak ruang lapak yang kosong, kebanyakan oarang-orang belanja di pasar deket mall, sekarang kondisi pasar sudah tidak terlalu terawat, yah namanya juga pasar pasti tetep susah ngerawat kebersihannya.",2018-09-23,2018,9,2018-09,PASAR BANCARAN,Tempat Umum,5.0
REV001069,ulasan,Komdisi bangunan Baik dan bersih,2018-09-23,2018,9,2018-09,PASAR BANCARAN,Tempat Umum,5.0
REV001078,ulasan,"Agak kumuh, sepertinya kurang perawatan",2017-09-23,2017,9,2017-09,PASAR BANCARAN,Tempat Umum,3.0
REV001127,ulasan,Pasarnya ramai bersih dan lengkap Cocok buat belanja kebutuhan sehari2,2023-09-23,2023,9,2023-09,Penjual es cincau,Tempat Umum,5.0
REV001148,ulasan,"Pelayanannya ramah banget 👍 apalagi pelayanan online lewat WA, selalu fast respon. Pokoknya terbaik lah 🤩 👍 ...",2023-09-23,2023,9,2023-09,Penjual es cincau,Tempat Umum,5.0
REV001152,ulasan,Pasar ini terlalu jorok dan sering macet,2023-09-23,2023,9,2023-09,Penjual es cincau,Tempat Umum,3.0
REV001194,ulasan,"seperti biasa kawasannya kumuh, tapi itu normal karena pasar tradisional",2022-09-23,2022,9,2022-09,Penjual es cincau,Tempat Umum,2.0
REV001204,ulasan,"Pelayanannya bagus & Alhamdulillah Setelah Berobat Mulai Membaik,Bisa Beraktivitas kembali",2022-09-23,2022,9,2022-09,Penjual es cincau,Tempat Umum,3.0
REV001208,ulasan,Perlu ditertibkan yang jualan dan parkir ini. Satu agar lebih bersih dan nyaman Kedua agar tidak bikin macet kendaraan yang dari arah dak ke surabaya,2022-09-23,2022,9,2022-09,Penjual es cincau,Tempat Umum,1.0
REV001256,ulasan,"Masjid Besar Al Hasanah bersih, nyaman",2022-09-23,2022,9,2022-09,Penjual es cincau,Tempat Umum,3.0
REV001261,ulasan,Bersih aman macet pol,2022-09-23,2022,9,2022-09,Penjual es cincau,Tempat Umum,5.0
REV001304,ulasan,"Masjid yg nyaman, bersih dan menyejukan hati",2021-09-23,2021,9,2021-09,Penjual es cincau,Tempat Umum,5.0
REV001307,ulasan,"Masih kurang penerangan, kebersihan juga minim, masih banyak sampah dimana mana",2021-09-23,2021,9,2021-09,Penjual es cincau,Tempat Umum,3.0
REV001322,ulasan,"Pasar sering bikin macet, kurang bersih",2021-09-23,2021,9,2021-09,Penjual es cincau,Tempat Umum,3.0
REV001342,ulasan,Tempat itu tidak bersih.,2021-09-23,2021,9,2021-09,Penjual es cincau,Tempat Umum,3.0
REV001407,ulasan,pasarnya kotor dan sering bikin macet,2020-09-23,2020,9,2020-09,Penjual es cincau,Tempat Umum,2.0
REV001411,ulasan,Pelayanan nya yg bikin aku syuka,2020-09-23,2020,9,2020-09,Penjual es cincau,Tempat Umum,5.0
REV001480,ulasan,Pasar yang bersih penjual ramah,2019-09-23,2019,9,2019-09,Penjual es cincau,Tempat Umum,5.0
REV001486,ulasan,Masih kurang bersih,2019-09-23,2019,9,2019-09,Penjual es cincau,Tempat Umum,3.0
REV001492,ulasan,Kurang bersih dan sering macet,2019-09-23,2019,9,2019-09,Penjual es cincau,Tempat Umum,2.0
REV001494,ulasan,Jamunya langsung bereaksi dan cocok buat berobat,2019-09-23,2019,9,2019-09,Penjual es cincau,Tempat Umum,5.0
REV001511,ulasan,Jalan nya bikin macet... Suasana kumuh....kurangnya ketertiban...,2019-09-23,2019,9,2019-09,Penjual es cincau,Tempat Umum,1.0
REV001536,ulasan,Kumuh dan menjanjikan kemacetan tak terurus.,2019-09-23,2019,9,2019-09,Penjual es cincau,Tempat Umum,3.0
REV001555,ulasan,"tempat berkumpulnya pedagang"" dari jawa dan bali kayaknya ... karna pasar cukup luas dan kyknya sich bersih . kayaknya loh ya .. karna aq cuma nampak dari luar gak sampai masuk ke dalam . bagi yg ingin crosscheck .silahkan datang dan buktikan sendiri . 🙏 🙏 🙏 🙏 🙏 🙏 ...",2019-09-23,2019,9,2019-09,Penjual es cincau,Tempat Umum,4.0
REV001559,ulasan,"Pasar tradisional di madura, pasarnya kumuh, dan kurang tertata pedagangnya, jadi terkesan semrawut",2019-09-23,2019,9,2019-09,Penjual es cincau,Tempat Umum,3.0
REV001602,ulasan,Mohon jaga Kebersihannya lagi ya,2022-09-23,2022,9,2022-09,Pasar Klobungan,Tempat Umum,4.0
REV001612,ulasan,sangat membantu masyarakat sekitar bagian dalam pasar saya tidak tahu.. tentang tingkat kebersihannya,2022-09-23,2022,9,2022-09,Pasar Klobungan,Tempat Umum,4.0
REV001673,ulasan,"Pasarnya kecil. Sayangnya jalan pasarnya msh belum layak, jd kalau hujan sangat sangat becek",2022-09-23,2022,9,2022-09,Pasar Pagi Pejagan,Tempat Umum,3.0
REV001690,ulasan,Jadilah masyarakat Elite ( yang tidak membuang sampah sembarangan dimana pun),2025-09-23,2025,9,2025-09,Pasar Rakyat Galis,Tempat Umum,5.0
REV001716,ulasan,Lengkap dan bersih,2024-09-23,2024,9,2024-09,Pasar Rakyat Galis,Tempat Umum,5.0
REV001803,ulasan,Pondok nya sangat bersih dan santri nya sopan sopan 😊 ...,2022-09-23,2022,9,2022-09,Pasar Rakyat Galis,Tempat Umum,5.0
REV001817,ulasan,Pasarnya lmyn bersih drpd tanah merah sayang byk yg kosong..,2022-09-23,2022,9,2022-09,Pasar Rakyat Galis,Tempat Umum,5.0
REV001819,ulasan,Pasar semi modern lokasinya bersih,2022-09-23,2022,9,2022-09,Pasar Rakyat Galis,Tempat Umum,5.0
REV001824,ulasan,Bersih aman nyaman,2022-09-23,2022,9,2022-09,Pasar Rakyat Galis,Tempat Umum,5.0
REV001831,ulasan,Kotor sama spt pasar lainnya mungkin banyak blok M nya,2021-09-23,2021,9,2021-09,Pasar Rakyat Galis,Tempat Umum,1.0
REV001835,ulasan,Pasar Galis kedepanx hrs selngkah lebh maju..dan untuk kebersihan mash kurang memadai..,2021-09-23,2021,9,2021-09,Pasar Rakyat Galis,Tempat Umum,5.0
REV001843,ulasan,Tempat bagus cuma kebersihan kurang terjaga dan penataan lalu lintas kurang,2021-09-23,2021,9,2021-09,Pasar Rakyat Galis,Tempat Umum,3.0
REV001884,ulasan,Skrng pasar galis lbh modern dan lbh bersih.,2021-09-23,2021,9,2021-09,Pasar Rakyat Galis,Tempat Umum,5.0
REV001896,ulasan,Tempatnya kotor dan panas,2020-09-23,2020,9,2020-09,Pasar Rakyat Galis,Tempat Umum,3.0
REV001909,ulasan,Bersih dan rapi,2020-09-23,2020,9,2020-09,Pasar Rakyat Galis,Tempat Umum,5.0
REV001911,ulasan,Sekarang enak sudah bersih pasarnya,2020-09-23,2020,9,2020-09,Pasar Rakyat Galis,Tempat Umum,5.0
REV001946,ulasan,"Pasar y sngt nyaman udh bersih bangunan rapi ,tempt parkiry juga rapi jdi nyaman sekali ke pasar gk semrawut",2019-09-23,2019,9,2019-09,Pasar Rakyat Galis,Tempat Umum,5.0
REV001949,ulasan,Tempat bersih. Parkir luas. Barang komplit..,2019-09-23,2019,9,2019-09,Pasar Rakyat Galis,Tempat Umum,5.0
REV001961,ulasan,Pasarnya bagus tidak becek dan teratur,2019-09-23,2019,9,2019-09,Pasar Rakyat Galis,Tempat Umum,4.0
REV001965,ulasan,Bagian dpn pasar sangat kotor pdhl bangunan baru...,2019-09-23,2019,9,2019-09,Pasar Rakyat Galis,Tempat Umum,2.0
REV001977,ulasan,pasar yang bagus rapi bersih,2019-09-23,2019,9,2019-09,Pasar Rakyat Galis,Tempat Umum,5.0
REV002001,ulasan,Bersih dan mulai tertata rapi,2018-09-23,2018,9,2018-09,Pasar Rakyat Galis,Tempat Umum,5.0
REV002020,ulasan,Mohon jalan segera di benah i supaya klo hujan tidak ada genangan air,2018-09-23,2018,9,2018-09,Pasar Rakyat Galis,Tempat Umum,3.0
REV002023,ulasan,Bersih dan luas,2018-09-23,2018,9,2018-09,Pasar Rakyat Galis,Tempat Umum,4.0
REV002026,ulasan,"Ayo ke pasar galis, tempatnya bersih dan baru selesai di renovasi",2018-09-23,2018,9,2018-09,Pasar Rakyat Galis,Tempat Umum,5.0
REV002030,ulasan,Pasar galis masi dalam pembagunan. Saya terjatuh klumpur karna becek,2018-09-23,2018,9,2018-09,Pasar Rakyat Galis,Tempat Umum,5.0
REV002036,ulasan,Keren hanya sampahnya harus ditanggulangi,2017-09-23,2017,9,2017-09,Pasar Rakyat Galis,Tempat Umum,4.0
REV002041,ulasan,"Di tahun 2017 saya pernah joging di sekitar Taman Paseban sini tempat jogingnya sebenarnya enak dan banyak pedagang kaki lima menjual makanan serta minuman, tapi taman paseban ini seperti tidak pernah diurus area taman, pafing-pafing, serta pagar-pagar besi nya dan terutama toilet sudah bertahun-tahun setiap saya joging atau kadang sehabis jalan-jalan gak pernah dibuka selalu dikunci tertutup kan kasian warga sekitar yang mau buang air kecil atau buang air besar, karena gak pernah dibuka jadi orang-orang kadang ada yang kencing sembarang bikin area sekitar jadi bau gak sedap/enak, kalo gak pernah di buka toiletnya gak perlu di bangun toilet harusnya, tolong buat dinas terkait segera di perbaiki ditata dan juga warga Bangkalan maupun warga dari luar di daerah kesadaran nya juga untuk selalu membuang sampah pada tempatnya apalg untuk pedagang sekitar tolong jika dagangan sampean sudah habis dikaga kebersihan area tempat jualan sampean jadi enak klo ada orng beli merasa wah tempatnya nyaman bersih enak diliatnya soalnya jadi positif dan insyaallah bisa narik rejeki yang berkah, terimakasih 🙏 🙏",2026-08-23,2026,8,2026-08,Alun-Alun Taman Paseban kota Bangkalan,Tempat Umum,3.0
REV002045,ulasan,"Taman Kota merupakan ruang hijau yang nyaman di tengah hiruk-pikuk perkotaan. Suasananya sejuk dengan pepohonan rindang, jalur pedestrian serta area bermain anak. Pengunjung bisa berolahraga di jogging track atau sekadar bersantai di bangku taman sambil menikmati pemandangan kolam dan burung-burung yang beterbangan. Fasilitas seperti tempat sampah terpisah, toilet umum, dan area parkir juga cukup memadai.",2025-11-23,2025,11,2025-11,Alun-Alun Taman Paseban kota Bangkalan,Tempat Umum,5.0
REV002046,ulasan,Taman Paseban ini berada di area alun-alun Bangkalan. Tempatnya cocok untuk area bermain anak. Ada wahana bermain sederhana. Kesini di hari Jumat lumayan sepi. Tersedia toilet. Ada beberapa warung yang menjual makanan dan minuman. Akses menuju kesini cukup mudah. Tersedia transportasi umum juga.,2025-09-23,2025,9,2025-09,Alun-Alun Taman Paseban kota Bangkalan,Tempat Umum,5.0
REV002047,ulasan,"minimnya tempat sampah di dalam taman. petugas kebersihan sangat tidak ramah, bisa dibilang ga punya sopan santun mengusir orang yang sedang makan, padahal bekas plastik makanan ga kita buang sembarangan",2025-09-23,2025,9,2025-09,Alun-Alun Taman Paseban kota Bangkalan,Tempat Umum,1.0
REV002056,ulasan,"Perlu Pembenahan dan Perawatan Jangka Panjang untuk Menyaingi Taman Kota di Kabupaten Lainnya,, Oke..",2023-09-23,2023,9,2023-09,Alun-Alun Taman Paseban kota Bangkalan,Tempat Umum,4.0
REV002057,ulasan,"Sampah dimana-mana, di danaunya atau pun di tanah. Danaunya hijau. Kolamnya kotor, kayak gak pernah dikuras. Tempat sampahnya rusak 🙂 gimana masyarakat mau buang sampah pada tempatnya, kalo tempat sampahnya aja rusak. Tempat sampahnya juga masih sedikit, perlu diperbanyak. Banyak putung rokok di pendopo, jadi gak nyaman buat duduk disana. Overall bintang 1, tapi aku kasih 2 karena ada vertikal gardennya. Cukup unik walaupun aku yakin gak bakal ada yang notis. Tapi yah at least mencoba masukkan unsur green infrastructure",2023-09-23,2023,9,2023-09,Alun-Alun Taman Paseban kota Bangkalan,Tempat Umum,2.0
REV002058,ulasan,Berada di pusat kota Bangkalan seharusnya menjadikan fasilitas satu ini termanfaatkan dengan baik. Sayang tempat sampahnya kurang memadai. Tempat duduk berkanopi tidak ada. Tanaman kurang rimbun.,2022-09-23,2022,9,2022-09,Alun-Alun Taman Paseban kota Bangkalan,Tempat Umum,4.0
REV002067,ulasan,"Bagus, tapi perlu dirawat lagi.",2022-09-23,2022,9,2022-09,Alun-Alun Taman Paseban kota Bangkalan,Tempat Umum,4.0
REV002079,ulasan,Tempat nya lumayan bersih,2022-09-23,2022,9,2022-09,Alun-Alun Taman Paseban kota Bangkalan,Tempat Umum,5.0
REV002088,ulasan,Lama gak kesini ..sekarang bagus.. bersih..taman satu2nya di bangkalan..dikolam ikannya banyak seneng ngliatnya...dulu kumuh banyak sampah ..sekarang bersih sayang toiletnya g fungsi..di area bermain ada tempat sampah..gimana klo dekat kolam dikasih juga..dibentuk yg artistik gitu..jd g keliatan tempat sampah..masih bamyak anak2 lempar botol minum kekolam..sayang banget,2021-09-23,2021,9,2021-09,Alun-Alun Taman Paseban kota Bangkalan,Tempat Umum,4.0
REV002092,ulasan,Tempat nya bersih dan nyaman bnget buat main anak2,2021-09-23,2021,9,2021-09,Alun-Alun Taman Paseban kota Bangkalan,Tempat Umum,5.0
REV002097,ulasan,Tolong utk pngunjung klo makan sampah nya di buang ke tempat sampah yg sdh di sediakan,2021-09-23,2021,9,2021-09,Alun-Alun Taman Paseban kota Bangkalan,Tempat Umum,5.0
REV002103,ulasan,"Taman Paseban lokasinya di pusat Kota Bangkalan. Bersih, apik berdampingan di dalam Alun-Alun Bangkalan, persis di depan Masjid Agung Bangkalan",2021-09-23,2021,9,2021-09,Alun-Alun Taman Paseban kota Bangkalan,Tempat Umum,4.0
REV002110,ulasan,"Hutan kota yang sangat bagus dan bersih serta tertata, didalamnya juga terdapat pedagang kecil yang berjualan dan aneka permainan, jadi, dijamin asik didalamnya. Jarang ada tempat seperti ini di tengah kota. Bagus pokoknya..",2020-09-23,2020,9,2020-09,Alun-Alun Taman Paseban kota Bangkalan,Tempat Umum,5.0
REV002117,ulasan,Bagus dan bersih,2020-09-23,2020,9,2020-09,Alun-Alun Taman Paseban kota Bangkalan,Tempat Umum,4.0
REV002118,ulasan,Sampah berserakan di mana-mana... 😑 ...,2020-09-23,2020,9,2020-09,Alun-Alun Taman Paseban kota Bangkalan,Tempat Umum,1.0
REV002120,ulasan,"taman yang tenang. hanya saja, tidak ada toilet umum.",2020-09-23,2020,9,2020-09,Alun-Alun Taman Paseban kota Bangkalan,Tempat Umum,4.0
REV002124,ulasan,Tempatnya sejuk. Cocok untuk keluarga.bersih,2020-09-23,2020,9,2020-09,Alun-Alun Taman Paseban kota Bangkalan,Tempat Umum,4.0
REV002133,ulasan,"Bertempat di tengah kota. Lokasi termasuk alun-alun kota Bangkalan. Sebelah barat Masjid Agung Bangkalan. Sebelah timur rumah dinas bupati dan pendopo 1. Sebelah selatan rumah dinas dan penndopo wakil bupati. Selain itu komplek perumahan TNI. Sebelah utara Gedung Rato Ebhu. Gedung pertemuan untuk skala besar seperti pernikahan dsb. Dulu Pasar Baru Bangkalan. Sekarang direlokasi ke Ringroad selatan. Taman ini terletak dibagian utara-barat alun-alun. Alun-alun sebelah selatan. Ada tribun untuk upacara. Di timur Paseban lapangan sepak bola. Paseban memiliki tempar parkir yang cukup luas selain juga mengambil badan jalan. Di tengah ada air mancur. Di timur terurut dari selatan ada pendopo, kantin, toilet. Sayang meski pun bersih tanaman dan rumput kurang terjaga.",2019-09-23,2019,9,2019-09,Alun-Alun Taman Paseban kota Bangkalan,Tempat Umum,5.0
REV002134,ulasan,Bersih dan nyaman,2019-09-23,2019,9,2019-09,Alun-Alun Taman Paseban kota Bangkalan,Tempat Umum,3.0
REV002136,ulasan,"Tempat paling disukai anak-anak ada taman, air mancur, berbagai spot foto yang cukup bagus, lengkap dengan berbagai pedagang dengan beraneka ragam dagangan mulai dari cemilan,es,air mineral,mie instan, lumayan untuk mengganjal perut yang keroncongan setelah mengitari taman yang lintasannya berbentuk hampir melingkar,",2019-09-23,2019,9,2019-09,Alun-Alun Taman Paseban kota Bangkalan,Tempat Umum,5.0
REV002137,ulasan,"Tempat ini nyaman sih buat refresh di akhir pekan juga cocok untuk bersantai ria dan untuk sekedar hunting foto, tetap jaga keamanan dan kebersihan ya gaeas",2019-09-23,2019,9,2019-09,Alun-Alun Taman Paseban kota Bangkalan,Tempat Umum,4.0
REV002138,ulasan,Tamannya indah tetapi perawatan masih kurang,2019-09-23,2019,9,2019-09,Alun-Alun Taman Paseban kota Bangkalan,Tempat Umum,4.0
REV002161,ulasan,"Tamannya luas, tempanya bersih, sarana bermain anak-anak kurang lengkap",2019-09-23,2019,9,2019-09,Alun-Alun Taman Paseban kota Bangkalan,Tempat Umum,4.0
REV002167,ulasan,Tempatnya bagus ada kolamnya meskipun kolamnya agak kotor,2019-09-23,2019,9,2019-09,Alun-Alun Taman Paseban kota Bangkalan,Tempat Umum,4.0
REV002186,ulasan,Taman yang bersih dan nyaman di kota bangkalan,2018-09-23,2018,9,2018-09,Alun-Alun Taman Paseban kota Bangkalan,Tempat Umum,5.0
REV002200,ulasan,Kesadaran kebersihan pengunjung kurang,2018-09-23,2018,9,2018-09,Alun-Alun Taman Paseban kota Bangkalan,Tempat Umum,3.0
REV002235,ulasan,"Tempatnya bersih, tamannya cantik",2018-09-23,2018,9,2018-09,Alun-Alun Taman Paseban kota Bangkalan,Tempat Umum,5.0
REV002261,ulasan,Bagus tapi perlu dirawat lagi,2018-09-23,2018,9,2018-09,Alun-Alun Taman Paseban kota Bangkalan,Tempat Umum,4.0
REV002266,ulasan,"Sebenernya ini taman selalu aja d benahin, bukan hanya sekedar perawatan tapi ada aja yg d ubah secara besar-besaran. Kenapa tidak bikin taman baru, setidaknya tempat baru untuk liburan dan sekaligus sebagai serapan air. Sudah sangat bagus tamannya sekarang, hanya perlu kesadaran untuk kita dan pemda untuk menjaga tempat ini.",2018-09-23,2018,9,2018-09,Alun-Alun Taman Paseban kota Bangkalan,Tempat Umum,5.0
REV002282,ulasan,"Berada di Kecamatan Bangkalan, Madura.. Keadaan taman cukup bersih dan disediakan beberapa spot untuk poto-poto 👍 🏻 👍 🏻 buat anak jaman now yg suka hunting poto bisa dicoba 👏 🏻 👏 🏻 ...",2018-09-23,2018,9,2018-09,Alun-Alun Taman Paseban kota Bangkalan,Tempat Umum,4.0
REV002287,ulasan,Kesadaran pengunjung buang sampah pada tempatnya masih kurang,2018-09-23,2018,9,2018-09,Alun-Alun Taman Paseban kota Bangkalan,Tempat Umum,3.0
REV002289,ulasan,Suka banget . Asik sayangnya danau buatan di sana kotor jafi merusak pemandangan . Dan lagi tlong awasi tempat tsb . Setidaknya ada satpam atau yg lain karena tempo hari ada yg ber swa foto telanjang dsana.,2018-09-23,2018,9,2018-09,Alun-Alun Taman Paseban kota Bangkalan,Tempat Umum,4.0
REV002296,ulasan,"pengalaman yang menarik ,salah satu taman yang ada dibangkalan sangat menarik untuk dikunjungi ,suasana yang asri dan nyaman ,membuat semua orang betah berlama-lama disini dan sangat ramah untuk anak-anak dan tempatnya juga yang berada ditengah pusat kota Kabupaten Bangkalan yang bersebelahan dengan alun-alun kabupaten Bangkalan, fasilitas yamg lengkap seperti kios makanan, toilet umum, dan pendopo ,tempat yang cocok digunakan untuk berfoto maupun berselfie bersama teman ,keluarga maupun pacar",2018-09-23,2018,9,2018-09,Alun-Alun Taman Paseban kota Bangkalan,Tempat Umum,5.0
REV002303,ulasan,Menarik tapi perlu perawatan dan fasilitas pendukung disekitarnya biar lebih baik,2018-09-23,2018,9,2018-09,Alun-Alun Taman Paseban kota Bangkalan,Tempat Umum,2.0
REV002308,ulasan,"Tempatnya bersih, tetapi dibeberapa arena bermain mengalami kerusakan",2018-09-23,2018,9,2018-09,Alun-Alun Taman Paseban kota Bangkalan,Tempat Umum,4.0
REV002310,ulasan,"Sejuk dan rindang, tapi perlu perawatan yg kontinu",2018-09-23,2018,9,2018-09,Alun-Alun Taman Paseban kota Bangkalan,Tempat Umum,4.0
REV002323,ulasan,"Tempat nyaman untuk nongkrong, perawatan kurang maksimal.",2018-09-23,2018,9,2018-09,Alun-Alun Taman Paseban kota Bangkalan,Tempat Umum,3.0
REV002324,ulasan,"Bagus dan rindang, hanya saja fasilitas seperti air mancur jarang dinyalakan, untuk siang sampai sekitar sore sepi, tapi kalau malam lumayan ramai pengunjung.",2018-09-23,2018,9,2018-09,Alun-Alun Taman Paseban kota Bangkalan,Tempat Umum,4.0
REV002339,ulasan,Mohon untuk dijaga kebersihannya agar tetap menjadi destinasi wisata warga kota Bangkalan,2018-09-23,2018,9,2018-09,Alun-Alun Taman Paseban kota Bangkalan,Tempat Umum,4.0
REV002360,ulasan,"Tamannya lumayan lah walo gak begitu luas, didepan ada mesjid gede, sebelahnya ada alun2, tp kebersihan sepertinya kurang",2017-09-23,2017,9,2017-09,Alun-Alun Taman Paseban kota Bangkalan,Tempat Umum,4.0
REV002387,ulasan,Jangan buang sampah sembarangan 😁 ...,2017-09-23,2017,9,2017-09,Alun-Alun Taman Paseban kota Bangkalan,Tempat Umum,5.0
REV002399,ulasan,Tempatnya jauh lebih bagus daripada tahun-tahun sebelumnya. Semoga tetap bisa dipertahankan perawatan dan kebersihannya.,2017-09-23,2017,9,2017-09,Alun-Alun Taman Paseban kota Bangkalan,Tempat Umum,3.0
REV002409,ulasan,Lumayan buat jalan-jalan. Sayang lapangannya kotor banyak sampah.,2017-09-23,2017,9,2017-09,Alun-Alun Taman Paseban kota Bangkalan,Tempat Umum,3.0
REV002413,ulasan,Tempatnya yang lumayan bersih dan sering dibuat orang untuk hunting,2017-09-23,2017,9,2017-09,Alun-Alun Taman Paseban kota Bangkalan,Tempat Umum,3.0
REV002452,ulasan,Asik buat foto foto nongkrong ato pacaran tempat bersih dan enak,2017-09-23,2017,9,2017-09,Alun-Alun Taman Paseban kota Bangkalan,Tempat Umum,5.0
REV002455,ulasan,Tempatx asik tapi kurang bersih,2017-09-23,2017,9,2017-09,Alun-Alun Taman Paseban kota Bangkalan,Tempat Umum,4.0
REV002459,ulasan,"Taman ini bersih, terutama selama CFD pada hari Minggu, ketika ramai pengunjung.",2017-09-23,2017,9,2017-09,Alun-Alun Taman Paseban kota Bangkalan,Tempat Umum,4.0
REV002483,ulasan,Bersih tapi kurang wifi nya,2017-09-23,2017,9,2017-09,Alun-Alun Taman Paseban kota Bangkalan,Tempat Umum,3.0
REV002490,ulasan,Klinik gigi yang terbaik di kota Bangkalan & pelayanannya memuaskan,2017-09-23,2017,9,2017-09,Alun-Alun Taman Paseban kota Bangkalan,Tempat Umum,3.0
REV002491,ulasan,Bersih segar indah dan sehat.,2017-09-23,2017,9,2017-09,Alun-Alun Taman Paseban kota Bangkalan,Tempat Umum,5.0
REV002493,ulasan,"Saat ini sudah disulap menjadi taman paseba. Memang lebih menarik, tp sayang perawatan dan pemeliharaan sangat kurang. Kebersihan kurang dijaga.",2016-09-23,2016,9,2016-09,Alun-Alun Taman Paseban kota Bangkalan,Tempat Umum,3.0
REV002502,ulasan,Sangat kurang perawatan toilet nya kotor bayar parkir 10k? Dengan kondisi yg man seperti ini? Sangat tidak rekomen nyesel,2024-09-23,2024,9,2024-09,Obyek Wisata Taman Rekreasi Kota Bangkalan,Tempat Umum,1.0
REV002503,ulasan,"masuk kolamnya mahal,toiletnya jorok dan fasilitasnya juga buruk",2024-09-23,2024,9,2024-09,Obyek Wisata Taman Rekreasi Kota Bangkalan,Tempat Umum,1.0
REV002504,ulasan,"fasilitas tidak memadai, banyak baju baju yang tertinggal di toilet/ruang ganti wanita dan tidak dibereskan. kolam licin karena lumut. saya akui bahwa kebersihan disini sangat sangat sangat kurang. air kolam mengandung terlalu banyak kaporit sehingga menimbulkan efek ""alergi"" pada saya, padahal saya juga sering berenang di tempat lain, tapi tidak pernah menimbulkan efek seperti yang saya blg tadi, sungguh saya merasa rugi dan menyesal.",2024-09-23,2024,9,2024-09,Obyek Wisata Taman Rekreasi Kota Bangkalan,Tempat Umum,1.0
REV002508,ulasan,"Tempatnya bersih, cuma hari ini sepi dan penjualnya banyak yang tutup",2022-09-23,2022,9,2022-09,Obyek Wisata Taman Rekreasi Kota Bangkalan,Tempat Umum,5.0
REV002515,ulasan,"Mengapa saya memberi rating bintang 5, dengan harapan menjadi tempat yang ""layak"" untuk rekreasi di kota. Kesan pertama saat berkunjung ke TRK seperti arena bermain anak, dengan sedikit tempat untuk orang tua. Sepeda air yang lusuh, dan beberapa spot yang menua dimakan waktu. Semoga lekas ada penyegaran di berbagai lini.",2022-09-23,2022,9,2022-09,Obyek Wisata Taman Rekreasi Kota Bangkalan,Tempat Umum,5.0
REV002533,ulasan,Jorok dan kotor adalah kesan pertama saya saat masuk ke sana terutama kamar mandinya Bahkan Mushola tempat untuk Sholatnya pun jauh dari kata layak untuk tempat Sholat Tidak nyaman,2020-09-23,2020,9,2020-09,Obyek Wisata Taman Rekreasi Kota Bangkalan,Tempat Umum,1.0
REV002539,ulasan,"Sebenernya tempatnya bagus kalo mau dirawat. Lokasi di belakang stadion gelora bangkalan. Ada wisata kayuh perahu bebek juga, sayangnya mainannya banyak gak terawat. Perosotan banyak yg bolong2 besinya.",2019-09-23,2019,9,2019-09,Obyek Wisata Taman Rekreasi Kota Bangkalan,Tempat Umum,3.0
REV002545,ulasan,Kurang perawatan saja .,2018-09-23,2018,9,2018-09,Obyek Wisata Taman Rekreasi Kota Bangkalan,Tempat Umum,3.0
REV002548,ulasan,"Lokasi berada di belakang Stadion Gelora Bangkalan. Obyek wisata air yang dikelola Pemerintah daerah Kabupaten Bangkalan. Bagus untuk sekadar berfoto dan melepas penat. Parkir luas dan aman. Tiket masuknya cukup murah, cocok untuk anak-anak. Ada fasilitas playground gratis yang bisa dimanfaatkan anak-anak. Tiket masuk tidak include dengan fasilitas kolam renang dan becak air. Lumayan, untuk liburan akhir pekan bersama keluarga, wisata murah meriah.",2018-09-23,2018,9,2018-09,Obyek Wisata Taman Rekreasi Kota Bangkalan,Tempat Umum,4.0
REV002567,ulasan,"Kerapihan, kebersihan dan perawatan tempat ini perlu dijaga agar event2 spt Gowes Nusantara 27 Agustus 2017 (TRK, Belakang Stadion Bangkalan) bisa tetap terus diadakan.",2017-09-23,2017,9,2017-09,Obyek Wisata Taman Rekreasi Kota Bangkalan,Tempat Umum,2.0
REV002570,ulasan,Kotor dan tidak terawat.,2017-09-23,2017,9,2017-09,Obyek Wisata Taman Rekreasi Kota Bangkalan,Tempat Umum,2.0
REV002581,ulasan,Bagus tapi perlu perawatan berkala,2026-07-23,2026,7,2026-07,Alun-Alun Bangkalan,Tempat Umum,4.0
REV002588,ulasan,Tempat yg nyaman asri bersih rapi.,2026-05-23,2026,5,2026-05,Alun-Alun Bangkalan,Tempat Umum,5.0
REV002591,ulasan,"RM Amboina Alun-Alun jadi salah satu tempat makan yang enak dan cukup nyaman di sekitar alun-alun. Menu yang disajikan beragam dengan cita rasa khas yang lezat, terutama hidangan khas Indonesia yang terasa autentik. Tempatnya cukup bersih dan tertata rapi, cocok untuk makan bersama keluarga maupun teman. Pelayanannya juga ramah dan cepat, sehingga tidak perlu menunggu lama saat memesan makanan. Lokasinya strategis dekat alun-alun, jadi mudah dijangkau. Harga makanan juga masih tergolong terjangkau dengan porsi yang cukup memuaskan. Secara keseluruhan, RM Amboina Alun-Alun layak untuk dicoba, terutama kalau sedang berada di sekitar area ini 👍",2026-03-23,2026,3,2026-03,Alun-Alun Bangkalan,Tempat Umum,5.0
REV002613,ulasan,"Penataan bagus dan dilengkapi dengan taman, area bermain anak-anak, berbagai lapangan olah raga seperti lapangan sepakbola yg luas, lapangan basket, lapangan voly. Ada juga kolam ikan di dalam taman dan area joging track. Ada juga bangunan joglo yang bisa dipakai untuk kumpul-kumpul di taman serta beberapa kios yang dimanfaatkan untuk kegiatan anak2 melukis dan mewarnai. Toilet bersih, sayangnya ini area publik tetapi toiletnya berbayar dan sorenya dikunci pemiliknya. Alun-alun yang bagus ini terkesan kurang terawat, dan masih kurang tersedia tempat sampah. Banyak sampah plastik bungkus makanan dan botol minuman yang di buang sembarangan di taman alun-alun.Secara keseluruhan alun-alun ini bagus dan lengkap sehingga anak-anak muda bisa memanfaatkannya untuk olah raga",2025-09-23,2025,9,2025-09,Alun-Alun Bangkalan,Tempat Umum,5.0
REV002614,ulasan,"1. Jalan di tengah alun-alun berlumut dan licin, apalagi saat hujan 2. Kurangnya penataan untuk pedagang kaki lima, beberapa pedagang kaki lima ada yang ngambil tempat di trotoar 3. Dan masih banyak lagi fasilitas yang sekiranya perlu dirawat ataupun diperbaiki",2025-09-23,2025,9,2025-09,Alun-Alun Bangkalan,Tempat Umum,4.0
REV002617,ulasan,Di sekitar alun alun Bangkalan perlu adanya tempat sampah yg memadai Untuk penjual...di harapkan tetap jaga kebersihan alun alun Bangkalan 🙏,2025-09-23,2025,9,2025-09,Alun-Alun Bangkalan,Tempat Umum,5.0
REV002629,ulasan,"Sayang Halte Bus nya gak ada tempat sampah, sehingga sampah berantakan",2025-09-23,2025,9,2025-09,Alun-Alun Bangkalan,Tempat Umum,3.0
REV002630,ulasan,Aku suka pada kebersihan tempatnya dan ke indahan pemandangannya,2025-09-23,2025,9,2025-09,Alun-Alun Bangkalan,Tempat Umum,5.0
REV002636,ulasan,"alun alun berlokasi di jalan sukarno hatta berhadapan langsung dengan mesjid agung bangkalan, cukup luas alun -alunnya, ada permainan untuk anak-anak, toilet juga tersedia, tempat kuliner siap untuk melayani pengunjung, baik di depan maupun dalam alun-alun, banyak pohon-pohon yang membuat sejuk dan betah untuk berlama-lama disini, ada juga lapangan sepakbolanya, pokoknya top alun-alun ini, senang sekali bisa berada disini",2025-09-23,2025,9,2025-09,Alun-Alun Bangkalan,Tempat Umum,5.0
REV002638,ulasan,"Kebersihan udah mulai terjaga cuma beberapa fasilitas sudah usang dan perlu perbaikan atau di ganti. Apalagi permainan yang ada di belakang pos polisi. Semoga bisa di ganti, karena beberapa spot ada yg tajam dan berkarat.",2025-09-23,2025,9,2025-09,Alun-Alun Bangkalan,Tempat Umum,5.0
REV002639,ulasan,"Sekarang lapangan sepakbolanya jauh lebih bagus, dan ada toilet di dalamnya",2025-09-23,2025,9,2025-09,Alun-Alun Bangkalan,Tempat Umum,5.0
REV002644,ulasan,Alun-alun Bangkalan memang sudah banyak perubahan ke arah yang positif walaupun perawatan dsb belum maksimal,2025-09-23,2025,9,2025-09,Alun-Alun Bangkalan,Tempat Umum,4.0
REV002646,ulasan,sedikit tempat duduk nya sama sedikit tempat sampah untuk di sebagian sudut,2025-09-23,2025,9,2025-09,Alun-Alun Bangkalan,Tempat Umum,3.0
REV002648,ulasan,"Jujur tidak menyangka kalau alun-alun kabupaten bisa nampak (maaf) kumuh seperti itu. Seperti tidak rutin dirawat. Banyak rerumputan yang udah tinggi, pedestrian yang tidak memadai, sedikit/tidak ada tempat sampah dan sampah dibakar di pojok2nya. Sayang banget sih, dengan jarak yang tidak jauh dari Surabaya, kalau misal alun-alun ini selain ada Masjid Agungnya bisa dipercantik dan ditambahi sesuatu yang bisa menarik wisatawan. Terlebih sekarang di lewati Transjatim bisa menjadi spot singgah untuk berwisata. Secara gak langsung juga dapat menaikkan perekonomian warga Bangkalan sendiri.",2025-09-23,2025,9,2025-09,Alun-Alun Bangkalan,Tempat Umum,3.0
REV002654,ulasan,"Kebersihan dalam taman kurang , dan banyak fasilitas yg rusak",2025-09-23,2025,9,2025-09,Alun-Alun Bangkalan,Tempat Umum,2.0
REV002671,ulasan,"Banyak jamet alhasil kebersihan kurang padahal tempat sampah banyak, selalu kesini buat latihan tapi kadang males waktu latihan pasti di cat calling sama jamet atau anak pondok dan yg bikin heran kok bisa ya anak pondok kayak gitu",2024-09-23,2024,9,2024-09,Alun-Alun Bangkalan,Tempat Umum,4.0
REV002672,ulasan,Es degannya segar Suasananya nyaman buat nongkrong Cuma sampah berserakan..tdk ada tempat khusus,2024-09-23,2024,9,2024-09,Alun-Alun Bangkalan,Tempat Umum,3.0
REV002680,ulasan,Sejuk dan asri serta bersih,2024-09-23,2024,9,2024-09,Alun-Alun Bangkalan,Tempat Umum,5.0
REV002683,ulasan,Bersih dan asri,2024-09-23,2024,9,2024-09,Alun-Alun Bangkalan,Tempat Umum,5.0
REV002689,ulasan,"Alun2 yg kini kurang terawat,kotor, kalo hujan banyak air tergenang, pagar besi berkarat dan rusak",2024-09-23,2024,9,2024-09,Alun-Alun Bangkalan,Tempat Umum,3.0
REV002692,ulasan,"Bagus, tapi kurang perawatan, dulu koinya banyak, sekarang sudah pada mati",2024-09-23,2024,9,2024-09,Alun-Alun Bangkalan,Tempat Umum,5.0
REV002697,ulasan,Sekarang lebih indah bersih 👍 ...,2024-09-23,2024,9,2024-09,Alun-Alun Bangkalan,Tempat Umum,5.0
REV002698,ulasan,"Bersih,kurang terang klo mlm",2024-09-23,2024,9,2024-09,Alun-Alun Bangkalan,Tempat Umum,5.0
REV002714,ulasan,Kebetulan hari ini Sabtu...banyak Anak2 sekolah berkegiatan Olahraga disini. Cukup Bagus dan Bersih. Bbrapa Petugas Kebersihan beraksi Membersihkan Lingkungan Alun2. Kereennn 👍 👍 ...,2024-09-23,2024,9,2024-09,Alun-Alun Bangkalan,Tempat Umum,4.0
REV002715,ulasan,Kotor tak terawat. Gimana Bangkalan mau berkembang. Masih belum bisa di kasik fasilitas. Masih banyak yang dirusak.,2024-09-23,2024,9,2024-09,Alun-Alun Bangkalan,Tempat Umum,1.0
REV002723,ulasan,Layanan Sangat Baik,2024-09-23,2024,9,2024-09,Alun-Alun Bangkalan,Tempat Umum,5.0
REV002743,ulasan,"Kotor, fasilitas tidak memadai, niat ngak sih jadi bupati kok tidak pernah mengurusi fasilitas publik, korupsi seterus kerjaannya, istri yang diperbanyak",2023-09-23,2023,9,2023-09,Alun-Alun Bangkalan,Tempat Umum,4.0
REV002744,ulasan,"Taman yang sngat strategis krn ditengah kota, sayangnya kebersihan sangat kurang. Bau pesing dan sampai dimana mana",2023-09-23,2023,9,2023-09,Alun-Alun Bangkalan,Tempat Umum,4.0
REV002750,ulasan,Fasilitas yang kurang lingkungan yang kotor,2023-09-23,2023,9,2023-09,Alun-Alun Bangkalan,Tempat Umum,3.0
REV002773,ulasan,Lumayan...mohon dipercantik lagi & kebersihannya dijaga ketat.,2023-09-23,2023,9,2023-09,Alun-Alun Bangkalan,Tempat Umum,1.0
REV002775,ulasan,"untuk alun-alun di sebuah kota, ini tempat kurang dirawat, padahal banyak potensi untuk dbenahi dan dijadikan tempat yg pw buat anak muda beserta keluarga ...",2023-09-23,2023,9,2023-09,Alun-Alun Bangkalan,Tempat Umum,3.0
REV002778,ulasan,"Sangat membantu,bagus dan bersih",2023-09-23,2023,9,2023-09,Alun-Alun Bangkalan,Tempat Umum,5.0
REV002792,ulasan,"Lumayan bersih, jajanan banyak",2023-09-23,2023,9,2023-09,Alun-Alun Bangkalan,Tempat Umum,5.0
REV002793,ulasan,"Over all, bagus. Jadi, di sini itu udah disediakan fasilitas umum, yaitu: Lapangan basket, lapangan bulu tangkis, lapangan voli, lapangan sepak bola, taman bermain anak, warung, area taman, taman paseban, toilet, gazebo. ...",2023-09-23,2023,9,2023-09,Alun-Alun Bangkalan,Tempat Umum,5.0
REV002797,ulasan,"Suram lok dik eramot , kotor kabbi",2023-09-23,2023,9,2023-09,Alun-Alun Bangkalan,Tempat Umum,5.0
REV002810,ulasan,Sekilas tampak bersih... krn waktu itu masih siang hari... tapi katanya kalau sore di sebelah selatan alun alun banyak penjual makanan...,2023-09-23,2023,9,2023-09,Alun-Alun Bangkalan,Tempat Umum,3.0
REV002813,ulasan,"Sampahnya tertata rapi. Tanamannya tumbuh tanpa arahan,",2022-09-23,2022,9,2022-09,Alun-Alun Bangkalan,Tempat Umum,2.0
REV002821,ulasan,"Sebenarnya alun-alun ini lebih sejuk dari sekitar ya karena banyak pepohonan rindang, tapi karena banyak fasilitas umum yang tak terawat dan banyak ya sampah yang berserakan jadi membuat kesan kumuh pada alun-alun ini. ...",2022-09-23,2022,9,2022-09,Alun-Alun Bangkalan,Tempat Umum,4.0
REV002828,ulasan,"Tempatnya bersih, tentram dan enak dibuat santai, juga jajanan di pinggir jalan yg membuat cair suasana... Guk gengguk",2022-09-23,2022,9,2022-09,Alun-Alun Bangkalan,Tempat Umum,4.0
REV002833,ulasan,Ramai mantap bersih,2022-09-23,2022,9,2022-09,Alun-Alun Bangkalan,Tempat Umum,4.0
REV002846,ulasan,"Kalau Minggu pagi lumayan rame, banyak penjual makanan dan tempat yang bersih",2022-09-23,2022,9,2022-09,Alun-Alun Bangkalan,Tempat Umum,4.0
REV002848,ulasan,"Alun alun nya kotor, banyak tikus dipinggir pinggir,, rumput2 liar sudah meninggi,, padahal posisinya pas ditengah kota, sayang banget tidak dirawat dan difasilitasi selayaknya alun2 kota seperti kota lain2",2022-09-23,2022,9,2022-09,Alun-Alun Bangkalan,Tempat Umum,3.0
REV002854,ulasan,"Cakep beut, tapi perlu lebih dirawat lagi",2022-09-23,2022,9,2022-09,Alun-Alun Bangkalan,Tempat Umum,4.0
REV002875,ulasan,Lumayan luas dan bersih,2022-09-23,2022,9,2022-09,Alun-Alun Bangkalan,Tempat Umum,5.0
REV002881,ulasan,Ruang publik yang bagus namun masih terlihat kurang perawatan,2022-09-23,2022,9,2022-09,Alun-Alun Bangkalan,Tempat Umum,4.0
REV002891,ulasan,Bagus bersih suka deh pokok nya,2022-09-23,2022,9,2022-09,Alun-Alun Bangkalan,Tempat Umum,4.0
REV002894,ulasan,"Tempatnya asri, hanya saja tamanny tidak dirawat terutama kolam.",2022-09-23,2022,9,2022-09,Alun-Alun Bangkalan,Tempat Umum,4.0
REV002895,ulasan,Tempat ok untuk olahraga. Namun toilet umum nya nggak ketemu,2022-09-23,2022,9,2022-09,Alun-Alun Bangkalan,Tempat Umum,4.0
REV002896,ulasan,"Banyak makanan di timur alun-alun. tapi untuk kebersihan alun-alunnya kurang ya. banyak fasilitas yang sudah rusak, pagar yang rusak",2022-09-23,2022,9,2022-09,Alun-Alun Bangkalan,Tempat Umum,4.0
REV002921,ulasan,Masih terlihan kumuh boskuuu . Gak ada yg bisa di banggakan .,2022-09-23,2022,9,2022-09,Alun-Alun Bangkalan,Tempat Umum,4.0
REV002922,ulasan,"Kotor, banyak sampah dan bau pesing.",2022-09-23,2022,9,2022-09,Alun-Alun Bangkalan,Tempat Umum,2.0
REV002933,ulasan,Bersih dan rapi,2022-09-23,2022,9,2022-09,Alun-Alun Bangkalan,Tempat Umum,5.0
REV002949,ulasan,Baru pertaama kali sih tpi bersih kok bagus juga,2021-09-23,2021,9,2021-09,Alun-Alun Bangkalan,Tempat Umum,5.0
REV002950,ulasan,Masih sepi dan bersih,2021-09-23,2021,9,2021-09,Alun-Alun Bangkalan,Tempat Umum,5.0
REV002960,ulasan,luas nya 3 kali arek lancor. tukang bersih bersih nya banyak. areanya banyak....,2021-09-23,2021,9,2021-09,Alun-Alun Bangkalan,Tempat Umum,5.0
REV002961,ulasan,"Aku lebih suka yang dulu. Sekarang meskipun tempatnya di perbagus tapi kotor dan parahnya lagi banyak orang yang ""pacaran"". Ramai juga sama pedagang kaki lima jadi rawan pencurian juga. Dulu lebih sunyi jadi lebih enak untuk menenangkan diri karena di depannya itu juga ada masjid jadi nyaman",2021-09-23,2021,9,2021-09,Alun-Alun Bangkalan,Tempat Umum,5.0
REV002963,ulasan,"Fasilitas toilet tidak layak, taman nya tidak terawat",2021-09-23,2021,9,2021-09,Alun-Alun Bangkalan,Tempat Umum,2.0
REV002964,ulasan,"Sangat asyik ketika anak2 saya betah berlama2 main di taman2 & kolsm ikan hingga tiap minggu minta main ke sana , hanya saja perawatan & peningkatan stagnan & bahkan terkesan menurun",2021-09-23,2021,9,2021-09,Alun-Alun Bangkalan,Tempat Umum,4.0
REV002985,ulasan,Fasilitas sekitar nya sudah banyak yg gak kerawat,2021-09-23,2021,9,2021-09,Alun-Alun Bangkalan,Tempat Umum,1.0
REV002991,ulasan,"Dasar tAmannya bagus, sayang .... Kumuh, minim tempat sampah.....!!! Kolam ikanx kayak selokan ... Separah itukah kemiskinan kotaku hingga membayar pengelola taman saja g mampu...",2024-09-23,2024,9,2024-09,Taman Pertigaan Kartini,Tempat Umum,2.0
REV002992,ulasan,"Tamannya besar, rame jualan jajan kalau sore sayang banyk sampah",2024-09-23,2024,9,2024-09,Taman Pertigaan Kartini,Tempat Umum,5.0
REV003000,ulasan,Tempat Penampungan Sementara (TPS) sampah Perumahan Telang Indah dan sekitarnya. Berlokasi di pinggir jalan raya.,2021-09-23,2021,9,2021-09,TPS Telang Indah,Tempat Umum,3.0
REV003001,ulasan,Sampahnya berceceran ke mana-mana. Sebaiknya dipasang dinding bata keliling setinggi 1 meter atau lebih untuk menghindari sampah terbang ke mana-mana.,2021-09-23,2021,9,2021-09,TPS Perumnas Kamal,Tempat Umum,3.0
REV003002,ulasan,"Merupakan TPS (Tempat Penampungan Sementara) terbuka yang berlokasi di pinggiran Perumnas Kamal, dekat Lapangan Renegade. Tiap hari, sampah-sampah penduduk dari seluruh Perumnas Kamal ditampung di sini sebelum diangkut ke TPA (Tempat Penampungan Akhir). Sayangnya, tempatnya tidak ada pagar pembatas atau dinding sehingga sampah-sampah terutama plastik bungkus beterbangan, mengotori area sekitar. Ada satu armada yang beroperasi bolak-balik sebanyak dua trip, mulai pukul 06.00 pagi sampai pukul 10.00 WIB. Untuk armada manual, menggunakan gerobak dorong sekitar sepuluh unit. Mereka beroperasi mulai pukul 05.00 pagi sampai selesai.",2020-09-23,2020,9,2020-09,TPS Perumnas Kamal,Tempat Umum,3.0
REV003008,ulasan,"Fasilitas: Musholla, Warkop, Toilet dan dekat indomaret tinggal nyebrang.",2026-07-23,2026,7,2026-07,Terminal Bangkalan,Tempat Umum,5.0
REV003015,ulasan,"Terminal Bangkalan tempat pemberhentian, penurunan dan pemberangkatan penumpang bis antar kota dan bis trans Jatim lokal tujuan Surabaya, fasilitas nya cukupan, ada toilet dan musholla tapi saya belum masuk jadi belum tahu kondisinya terkini, banyak UMKM yang jualan disekitar ada yang jual oleh oleh khas Madura, dari cemilan sampai cendramata, mungkin kedepannya bisa ada perbaikan fasilitas dan layanan di terminal ini",2025-10-23,2025,10,2025-10,Terminal Bangkalan,Tempat Umum,3.0
REV003016,ulasan,Terminal kecil u dropping sementara Trans Jatim arah Masjid Kholil Bangkalan ada beberapa warung yg menjajakan snack n minuman Kebersihan area cukup terjaga fasilitas umum jg cukup terjaga dgn baik,2025-09-23,2025,9,2025-09,Terminal Bangkalan,Tempat Umum,5.0
REV003019,ulasan,"Pertama kali kesini naik bis Trans Jatim dari Bungurasih, Surabaya dengan duit Rp 5.000 saja. Waktu tempuh sekitar 2 jam perjalanan. Ada kios makanan, toilet dan mushola. Tempatnya tidak terlalu ramai. Terdapat bis luar kota juga.",2025-09-23,2025,9,2025-09,Terminal Bangkalan,Tempat Umum,5.0
REV003020,ulasan,"Terminal kecil kecil di ujung barat daya (barat selatan) Kota Bangkalan. Terminalnya tidak terlalu besar, hanya melayani Bus arah Jakarta, Bus Transjatim K5 arah Purabaya, dan beberapa MPU Elf. Tempatnya tidak terasa rame dibandingkan Purabaya dan cenderung terasa ""damai"" meskipun matahari bersinar terang. Untuk kantor Transjatimnya masih belum bisa membuat kartu pelanggan Transjatim. Perlu diketahui Bus Transjatim yang naik darisini pun juga sering penuh, apalagi setelah dapat penumpang dalan perjalanan sehingga harus siap-siap memberikan kursi bagi yang membutuhkan 😁 Fasilitas berupa tempat tunggu beratap (±8 kursi duduk 5 orang), Kios warung/minuman dan baju serta penjual tiket, Pedagang kaki lima, mushola, tempat wudhu, dan toilet. Sebenarnya ada juga Bus Feeder TransBangkalan tapi kemarin saat saya kesana tidak kelihatan. Bus Feeder TransBangkalan tidak memiliki jadwal yang jelas.",2025-09-23,2025,9,2025-09,Terminal Bangkalan,Tempat Umum,4.0
REV003027,ulasan,Bersih.. Angkot jarang,2022-09-23,2022,9,2022-09,Terminal Bangkalan,Tempat Umum,5.0
REV003028,ulasan,"Selalu dijaga kebersihannya, salut sama pengelola tempat ini",2022-09-23,2022,9,2022-09,Terminal Bangkalan,Tempat Umum,4.0
REV003031,ulasan,Bersih dan nyaman,2021-09-23,2021,9,2021-09,Terminal Bangkalan,Tempat Umum,5.0
REV003042,ulasan,Lumayan walau kebersihan masih belum terjaga,2019-09-23,2019,9,2019-09,Terminal Bangkalan,Tempat Umum,4.0
REV003047,ulasan,"Tidak ramai lagi karena bus bus besar tidak lewat Kamal, melainkan lewat suramadu, jadi aktifitas disini kurang kalo dibilang terminal. Cuma beberapa bus yang singgah disini. Padahal lokasi nya sudah strategis di pintu masuk kota Bangkalan. Pedagang nya sedikit dan mushola nya bersih tapi kamar mandinya kotor. Sungguh tidak enak",2018-09-23,2018,9,2018-09,Terminal Bangkalan,Tempat Umum,4.0
REV003058,ulasan,Tak begitu modern..lumayan bersih semoga bisa diringkatkan,2026-05-23,2026,5,2026-05,Terminal Bus Bangkalan,Tempat Umum,3.0
REV003060,ulasan,"*Terminal Bus Bangkalan* Terminal Bus Bangkalan merupakan pusat mobilitas yang terus berkembang dan memberikan kenyamanan bagi para penumpangnya. Area tunggunya luas, bersih, dan dipenuhi berbagai toko UMKM yang menjual beragam produk lokal, mulai dari makanan, minuman, hingga oleh-oleh khas Bangkalan. Hal ini bukan hanya memudahkan penumpang, tetapi juga membantu menggerakkan ekonomi masyarakat sekitar. Terminal ini melayani berbagai jenis transportasi, mulai dari bus antar kota (seperti transjatim) bahkan antar provinsi juga masuk terminal ini, sehingga menjadi titik transit penting bagi pelancong maupun warga lokal. Fasilitasnya juga lengkap dan fungsional seperti, terdapat pusat informasi yang membantu penumpang mendapatkan jadwal dan rute perjalanan, musholah yang nyaman untuk beribadah, serta area parkir yang cukup luas bagi kendaraan pribadi. Dengan fasilitas yang terus ditingkatkan dan suasana yang semakin tertata. Tempat ini tidak sekadar menjadi titik keberangkatan, tetapi juga ruang interaksi, pemberdayaan, dan pengalaman perjalanan yang positif.",2025-11-23,2025,11,2025-11,Terminal Bus Bangkalan,Tempat Umum,5.0
REV003061,ulasan,"Dengan biaya Rp 5.000 kamu bisa jalan-jalan Surabaya - Bangkalan begitu juga sebaliknya menggunakan TransJatim. Bisnya bersih, AC dingin, tepat waktu. Terminalnya juga bersih, tersedia toilet, musholla dan warung.",2025-10-23,2025,10,2025-10,Terminal Bus Bangkalan,Tempat Umum,5.0
REV003067,ulasan,"Toilet rusak,tempat duduk buat nunggu bis banyak yang rusak,panas,kotor,pelayanan gak sesuai.",2025-09-23,2025,9,2025-09,Terminal Bus Bangkalan,Tempat Umum,1.0
REV003069,ulasan,"Cukup bayar Rp 5.000 naik Bis Trans Jatim koridir 5 dari Bungurasih, Surabaya ke Terminal Bangkalan. Ada bis luar kota juga meski jumlahnya tidak banyak. Ada banyak kios pedagangan makanan dan minuman. Ada mushola dan toilet juga.",2025-09-23,2025,9,2025-09,Terminal Bus Bangkalan,Tempat Umum,5.0
REV003071,ulasan,"Secara fisik terminal mungkin B aja ya utk sekelas terminal kabupaten,,,tp gpp lahhh setelah bertahun2 akhirx bisa difungsikan dng sangat baik dng adax bus trans jatim ke terminal purabaya,,,pelayanan bus jg memuaskan,ramah2 smw,pkokx Trans Jatim is the best 👍 👍 ...",2025-09-23,2025,9,2025-09,Terminal Bus Bangkalan,Tempat Umum,5.0
REV003072,ulasan,Relatio bersih dan ramai juga penumpangnya. Toiletnya juga lumayan bersih,2025-09-23,2025,9,2025-09,Terminal Bus Bangkalan,Tempat Umum,4.0
REV003074,ulasan,"terminalnya kecil tapi cukup ramai penumpang yang akan bepergian ke luar kota, halte terakhir bus trans jatim jurusan bangkalan-bungurasih, ada penjual makanan dan kios penjual souvenir, suasana kondusif dan cukup bersih",2025-09-23,2025,9,2025-09,Terminal Bus Bangkalan,Tempat Umum,5.0
REV003077,ulasan,"Pelayanan ok, petugas ramah dan sangat membantu",2024-09-23,2024,9,2024-09,Terminal Bus Bangkalan,Tempat Umum,5.0
REV003080,ulasan,Lengkap bisnya... ada toilet dan musollanya.... tempatnya bersih dan enak,2024-09-23,2024,9,2024-09,Terminal Bus Bangkalan,Tempat Umum,5.0
REV003096,ulasan,Pelayanan yang tidak ramahh,2026-02-23,2026,2,2026-02,Pantai Gebang,Tempat Umum,1.0
REV003100,ulasan,Bau amis ikan,2025-11-23,2025,11,2025-11,Pantai Gebang,Tempat Umum,2.0
REV003101,ulasan,sangat indah untuk pemandangan yang di berikan. untuk tempat oke sih. dan fssilitas yang di sediakan cukup lengkap dengan orang2 yang berjualan dan toilet serta parkir yang cukup luas,2025-11-23,2025,11,2025-11,Pantai Gebang,Tempat Umum,5.0
REV003104,ulasan,Dkt dr kotaa... bagus tempatnya tapi kepagian yg kesana kmrn airnya lagi surut... tapi pas jam siang airnya pasang lagi. . Cuman sayang toiletnya masih dalam pembangunan blm di buka.. Ada toilet mushola juga.. Banyak warung jajan2 minuman segar ice cream gorengan chiki2 juga .. Tempatnya luas sekali.. Parkir tersediaaa.. Baguss sihh tempatnyaa.. Tapi panasnya poll.. 🤭 😅 🤣 Wajib tau kesini ke pantai ini.. Kayaya klo airnya pasang bisa naek perahu ... Bisa beli kerang segar juga disana Karna org lokalnya sendiri selain nelayan mereka cari kerang2..,2025-10-23,2025,10,2025-10,Pantai Gebang,Tempat Umum,4.0
REV003106,ulasan,Kurang bersih dan tertata,2025-09-23,2025,9,2025-09,Pantai Gebang,Tempat Umum,3.0
REV003111,ulasan,"Pantainya bersih ,nyaman bt tempat rekreasi ,untuk akxes jl supaya di lebarkan",2025-09-23,2025,9,2025-09,Pantai Gebang,Tempat Umum,5.0
REV003118,ulasan,Dokternya ramah telaten juga,2025-09-23,2025,9,2025-09,Pantai Gebang,Tempat Umum,5.0
REV003123,ulasan,Bersih pemandangan alam nya bagus,2024-09-23,2024,9,2024-09,Pantai Gebang,Tempat Umum,5.0
REV003124,ulasan,Wisatanya bagus n bersih,2023-09-23,2023,9,2023-09,Pantai Gebang,Tempat Umum,2.0
REV003133,ulasan,"Pantau nya lumayan bagus dengan ada airnya, ada kapal nya, gak ada garam yang ada cuman lumpur doang, perpaduan air dan lumpur jadi lah milo, coba aja di minum amin gk amin nanti langsung ngespawn di surga, kalo hokii sih ya ngespawn nya di IGD, kalo pengen yang lebih bagus coba agak majuan dikit kalo gak salah nanti kalian nyebur ke pantai nya, seperti ini contohnya orang yang ekpresi nya bahagia pas udah sampai ke pantai nya yang sangat indah sekali 👇",2023-09-23,2023,9,2023-09,Pantai Gebang,Tempat Umum,5.0
REV003143,ulasan,Pantai yg indah dan bersih,2021-09-23,2021,9,2021-09,Pantai Gebang,Tempat Umum,5.0
REV003144,ulasan,"Ini mah bukat tempat wisata ,jangan di kategorikan tempat wisata jika memang bukan wisata , tempat nya terpencil untuk arah di pantai ini masuk gang gang kecil ,untuk mobil untuk arah kesini mah benr bener tidak bisa masuk sehingga harus jalan kaki untuk menuju pantai , tempat nya sangat kotor sekali , banyak timbunan sampah dan rantai rantai pohon ,tempat ini di lingkup i rumah warga , banyak orang sana yg tongkrongan di dudukan badukan pantai , saya harap warga sekitar sadar dengan lingkungan nya ,semoga kedepan area pantai bisa lebih bersih terima kasih",2021-09-23,2021,9,2021-09,Pantai Gebang,Tempat Umum,3.0
REV003149,ulasan,"Dulu tempat ini sangat indah dan bersih tp skrng akibat orang"" Tak bertanggubg jawab buang sampah sembarangan.. Skrang terlihat kotor dan kumuh tak terurus..saya berharap warga dan pemrintah ikut melestarikan tempat ini spya tmpat ini menjadi wisata favorit dan membantu ekonomi warga setempat..",2020-09-23,2020,9,2020-09,Pantai Gebang,Tempat Umum,3.0
REV003167,ulasan,"Tempat ini memiliki pemandangan unik berupa perbukitan kapur, kolam air, dan hamparan alam yang menarik",2026-09-02,2026,9,2026-09,Wisata Bukit Jaddhih,Tempat Umum,5.0
REV003170,ulasan,Tiket masuk 20rb untuk 2 orang 1 motor. Tempatnya sangat berdebu dan panas serta gersang. Kayaknya ini udah bukan tempat wisata lagi soalnya kayak sudah terbengkalai. Aku gak recommend untuk datang kesini apalagi yang dari luar kota. Ini seperti bekas tambang atau galian gitu aja. Nothing special. Tapi kalau lihat foto-foto dulu kayaknya memang terawat dan bagus. Cuma sekarang kurang terawat bahkan banyak rumput liar. Tapi pas ke sini sempat ada juga 1 bis dan 2 mobil datang. Mereka berziarah ke Bangkalan dan mampir ke sini.,2026-08-23,2026,8,2026-08,Wisata Bukit Jaddhih,Tempat Umum,2.0
REV003174,ulasan,"Tempatnya bagus tapi sayang tidak aman dan banyak premannya...! Sebagus apapun tempat nya tidak akan pernah... Maju karena pelayanannya, Masyarakatnya tidak ramah pengunjung!! Saran saya aparatur Desa, , polsek setempat ikut serta turun tangan Terimakaasih.",2026-07-23,2026,7,2026-07,Wisata Bukit Jaddhih,Tempat Umum,5.0
REV003179,ulasan,"Luarbiasa..sayang belum di kelola secara profesional..tersedia toilet..bersih, juga air mengalir deras..ada photografer lokal yg oke buat photo2 ,untuk foto2 diantar mas photo nya ke atas dengan ojek harga 15 ribu PP..kalo laper bolehlah icip2 rujak Madura..harga ga mahal..rujak petis pake kikil only 15K",2026-06-23,2026,6,2026-06,Wisata Bukit Jaddhih,Tempat Umum,5.0
REV003186,ulasan,"Kurang terayomi oleh pemerintah jalur pekerja dan jalur turis jadi satu , toilet baru 1 dari luasan area bagaimana kalau rame tidak terbayangkan",2026-05-23,2026,5,2026-05,Wisata Bukit Jaddhih,Tempat Umum,5.0
REV003205,ulasan,"Indah, megah, wajib dikunjungi. Air di danau tampak berwarna pirus karena batuan kapur dan pantulan cahaya di air. Pemandangan yang menakjubkan. Satu-satunya hal yang perlu diperhatikan adalah penduduk setempat akan bertindak sebagai pemandu wisata, mereka akan berusaha keras untuk berbicara dengan Anda, mengambil foto untuk Anda hanya untuk mendapatkan tip. Agak mengganggu, tetapi selain itu, tempat yang bagus untuk berwisata.",2026-01-23,2026,1,2026-01,Wisata Bukit Jaddhih,Tempat Umum,5.0
REV003206,ulasan,"Bagus pesonanya, aku suka bangeet suasana alam yg asri bukan SPT bangunan komersil banyak dibuat modern, klo sy suka ""bangunan asli jaman Belandanya tuh artistik"" menurut gaet itu dibangun jaman Belanda. Sy lebih suka natural tp bersih dirawat jgn dirubah dg bentuk lain spt vila atau sejenis penginapan/ hotel gitu deh nanti keaslian & artistiknya hilang. Terus sy jg suka dg jl aga2 adventure gitu seru, next liburan mau ajak mama & family, kerabat kesini deh 😉 👍",2026-01-23,2026,1,2026-01,Wisata Bukit Jaddhih,Tempat Umum,5.0
REV003208,ulasan,"waktu kesini air nya kering, akses jalan masuk perlu di perbaiki, berdebu kalau musim panas ,bekas tambang batu kapur",2025-12-23,2025,12,2025-12,Wisata Bukit Jaddhih,Tempat Umum,3.0
REV003217,ulasan,"Akses masuk jalannya rusak, toilet rusak smua, bayar tiket sampe 2x, mahal tp ga orthed",2025-11-23,2025,11,2025-11,Wisata Bukit Jaddhih,Tempat Umum,1.0
REV003220,ulasan,"Dulu pernah kesini pas rame2nya, skrg agak sepi, airnya kering, tapi suasananya tetap bagus dan dramatis dengan angle yang tepat",2025-10-23,2025,10,2025-10,Wisata Bukit Jaddhih,Tempat Umum,4.0
REV003228,ulasan,"Beberapa tahun lalu pernah ke sini. Panas dan debu sih, tapi seru aja pengalaman & foto-foto.",2025-09-23,2025,9,2025-09,Wisata Bukit Jaddhih,Tempat Umum,5.0
REV003248,ulasan,"Sebaiknya datang saat musim kemarau. Secara umum, kondisi jalan tidak ideal untuk Avanza biasa, tetapi dengan sedikit keberuntungan, mobil Anda akan mampu menempuh perjalanan tersebut. Tidak ada jalan beraspal sekitar 1 km dari lokasi. Bayar 20.000 untuk parkir dan 20.000 untuk berjalan-jalan di sekitarnya. Ada truk dan peralatan penggalian serta pos penjaga dengan beberapa pemandu/penjaga yang ramah. Ini adalah situs geoturisme terbuka yang hampir mencapai akhir masa hidupnya dan memiliki aspirasi untuk menjadi homestay/taman air/tempat berfoto, dll. Namun, semua itu tidak sebanding dengan nilainya sebagai situs geoturisme yang menarik. Foto-foto akan memperjelasnya.",2025-09-23,2025,9,2025-09,Wisata Bukit Jaddhih,Tempat Umum,5.0
REV003262,ulasan,"Ini adalah tambang batu kapur, tetapi juga merupakan objek wisata. Biaya masuknya Rp20.000 per mobil. Jalan menuju ke sana sangat buruk. Pemandangannya benar-benar menakjubkan. Ada tempat-tempat yang bisa dilihat baik di bagian dalam maupun di bagian bawah. Sepertinya ada pemandu, tetapi saya tidak tahu berapa biayanya. Anda sebaiknya pergi lebih jauh ke dalam dan lebih jauh ke bawah. Mereka mengenakan biaya Rp5.000 untuk turun. Tempat ini benar-benar layak dikunjungi. Akan lebih baik lagi jika cuacanya cerah. Jalannya sangat licin karena hujan. Area di bawah seperti gua. Ada toilet di dekat gua di bagian bawah. Saya heran mengapa genangan airnya berwarna seperti itu? Saya juga ingin naik, tetapi mereka sedang bekerja, dan lerengnya sangat curam sehingga mobil biasa tidak bisa melewatinya, jadi saya pikir lebih baik tidak naik.",2025-09-23,2025,9,2025-09,Wisata Bukit Jaddhih,Tempat Umum,5.0
REV003285,ulasan,"Tempatnya, sudah sangat2 jelek sekai, tidak terawat, hanya ada punglinya saja hehe, karena tidak diberi karcis masuk, krn bayar 2x, yg pertama 20rb, kedua masuk ke area parkir perorang 6rb(ini yg tdk ada karcisnya) mending jgn kesini lg deh, dari jalannya saja sudah sangat jelek, area poto2nya jg udh banyak berkurang, FYI saya terakhir kesini 2018, msh sangat bagus, banyak tempat spot poto2, danau msh ada airnya dan sangat bagus, ada perahunya, tapi skrg sudah g ada lagi, mau masuk goa kok ya takut jadinya.. ayo dirawat lg, ntr saya tambahi bintangnya..",2025-09-23,2025,9,2025-09,Wisata Bukit Jaddhih,Tempat Umum,1.0
REV003288,ulasan,Bagus sih tapi ya gitu abis bayar di pintu masuk nanti beberapa meter kemudian ada loket lagi wkwk. Cuma akses toilet aja yg kurang karena kondisinya juga di bukit.,2025-09-23,2025,9,2025-09,Wisata Bukit Jaddhih,Tempat Umum,4.0
REV003299,ulasan,"Pas hari kerja sepi, sy sampai disini pas siang hari jam 12.30 an.. cuaca pas.musim.panas... panas dan berdebu... ...",2024-09-23,2024,9,2024-09,Wisata Bukit Jaddhih,Tempat Umum,5.0
REV003300,ulasan,Akses ke lokasi jalan bergelombang dan di penuhi debu kapur Dan lokasinya sudah kurang bagus,2024-09-23,2024,9,2024-09,Wisata Bukit Jaddhih,Tempat Umum,2.0
REV003303,ulasan,"Mungkin karena lgi musim kemarau, jadi pas ke lokasi ndak kebagian air di kolam,,, 😆 😆 😆 But overall pemandangan nya ok banhet, apalagi para guide nya ketika ngarahin dan ngambilin foto serombongan. Gak mengecewakan. Recomended banget pokoknya. ...",2024-09-23,2024,9,2024-09,Wisata Bukit Jaddhih,Tempat Umum,5.0
REV003311,ulasan,"Pemandangan bagus, untuk berfoto jg bagus. Tetapi perlu ditingkatkan lagi pelayanannya dan fasilitasnya supaya membuat pengunjung lebih nyaman.",2024-09-23,2024,9,2024-09,Wisata Bukit Jaddhih,Tempat Umum,5.0
REV003314,ulasan,"Sayang yg dket goa itu ga ada airnya pas kesana, 🥲 🥲 terlihat sudah tidak terawat sperti dulu yg smpet viral2.. ...",2024-09-23,2024,9,2024-09,Wisata Bukit Jaddhih,Tempat Umum,3.0
REV003315,ulasan,"Sebenarnya kalo dikelola dengan baik dan maksimal oleh PEMDA setempat, bisa menjadikan penghasilan bagi Rakyat Madura, sayang sampahnya dimana-mana dan tidak terawat. Lokasi masih berdekatan dengan Tambang Kapur Aktif sampai detik ini saya memberikan rating pada 12 Juli 2024. #IlOVEMADURA #ENGKO'TRETANBANGKALAN",2024-09-23,2024,9,2024-09,Wisata Bukit Jaddhih,Tempat Umum,3.0
REV003318,ulasan,"Miris lokasi cukup bagus, namun bnyk sekali pemalakan liar, pungli, begal. Akses jalan rusak berdebu tidak terawat. Pungli sulit ditertibkan karena polisinya takut sama penguasa disana. Gk akan maju destinasi wisata klo sprti itu, bahkan bisa hancur",2024-09-23,2024,9,2024-09,Wisata Bukit Jaddhih,Tempat Umum,1.0
REV003348,ulasan,"Terakhir ke Bukit Jaddih Th. 2022. Februari th. 2024 datang lagi. Bukannya semakin bagus, tapi malah semakin buruk. Lokasi danau di dalam sudah kering dan sepertinya batuan banyak dirusak. Banyak sampah juga di bekas kolam. ...",2024-09-23,2024,9,2024-09,Wisata Bukit Jaddhih,Tempat Umum,3.0
REV003353,ulasan,"Tempat ini merupakan bukit kapur putih bekas tempat pertambangan (di beberapa area, masih ada pertambangan). Karena merupakan bukit kapur, areanya gersang dan panas. Sangat berdebu bila cuaca kering dan matahari terik (siapkan kacamata ...",2024-09-23,2024,9,2024-09,Wisata Bukit Jaddhih,Tempat Umum,5.0
REV003358,ulasan,"Sudah ga sesuai dengan foto"" sudah mulai ga kerawat",2024-09-23,2024,9,2024-09,Wisata Bukit Jaddhih,Tempat Umum,3.0
REV003359,ulasan,"Masih belum waktunya jadi tempat wisata. Penambangan di Bukit kapurnya masih aktif, jd sptnya masih beresiko. Masih sangat berdebu, apalagi pas kesana kmrn blm ada hujan, kolam airnya jg masih kering. Mungkin beberapa tahun lagi, klo penambangan sdh tdk aktif, dan sudah dikembangkan potensinya. Akses jalan jg masih belum memadai.",2024-09-23,2024,9,2024-09,Wisata Bukit Jaddhih,Tempat Umum,3.0
REV003364,ulasan,Kesini karena penasaran aja. Tiket masuk mobil 20rb. Nanti masuk ke kawasannya bayar lg 5000/kepala. Jalan bebatuan krn masih area pertambangan aktif. Danaunya baru akan ada airnya saat musim hujan. Jd jgn berharap lihat danau hijau saat musim kemarau.,2024-09-23,2024,9,2024-09,Wisata Bukit Jaddhih,Tempat Umum,2.0
REV003377,ulasan,"Jalannya rusak, sangat panasss dan sudah berbeda jauh dengan foto saat ada airnya",2024-09-23,2024,9,2024-09,Wisata Bukit Jaddhih,Tempat Umum,2.0
REV003382,ulasan,"Dateng pas weekend, buat survey. Bareng sama truk truk tambang dan jalannya rusak. Dibantu warga lokal buat nyari jalan yg agak mendingan. Sampe lokasi airnya surut karna emang gak ada ujan. Gersang banget dan lebih baik bawa masker. Debu dimana mana",2024-09-23,2024,9,2024-09,Wisata Bukit Jaddhih,Tempat Umum,3.0
REV003384,ulasan,Sayang pas kesini Air kolamnya gak ada,2024-09-23,2024,9,2024-09,Wisata Bukit Jaddhih,Tempat Umum,5.0
REV003385,ulasan,"Tempatnya bagus, sayang pas kesana pas musim kemarau jadi jalanan berdebu karena galian tambang kapur",2024-09-23,2024,9,2024-09,Wisata Bukit Jaddhih,Tempat Umum,5.0
REV003386,ulasan,"jalan masuk sekitar 300 m sangat bergelombang, air didanau kering pada saat musim kemarau",2024-09-23,2024,9,2024-09,Wisata Bukit Jaddhih,Tempat Umum,3.0
REV003396,ulasan,Ngak sesuai dengan gambar karcisnya dobel-dobel Pelayananya ngak sesuai Jalanya berdebu,2023-09-23,2023,9,2023-09,Wisata Bukit Jaddhih,Tempat Umum,1.0
REV003398,ulasan,Tempatnya cukup bagus terutama untuk wisata keluarga. Selalu gunakan masker karena cukup berdebu,2023-09-23,2023,9,2023-09,Wisata Bukit Jaddhih,Tempat Umum,4.0
REV003399,ulasan,"Tempat yang sangat indah, ini adalah destinasi wisata alami di Madura. Beberapa area milik pribadi, tetapi Anda dapat masuk dengan membeli tiket. Bersiaplah dengan debu jika Anda mengunjungi tempat ini.",2023-09-23,2023,9,2023-09,Wisata Bukit Jaddhih,Tempat Umum,5.0
REV003409,ulasan,"Jalanan menuju tkp berdebu dan rusak,,taman wisata kurang terawat. Cuaca panas terik.",2023-09-23,2023,9,2023-09,Wisata Bukit Jaddhih,Tempat Umum,2.0
REV003414,ulasan,"Asli bagus banget, ga tau suka aja tempat yang alam banget kaya gini. Sayangnya akses jalannya yang minta ampun jelek banget. Belum aspal juga pas masuknya. Jadi berdebu banget. Terus harus bayar tiket 2x, buat masuk mobil bayar 20k. Tiket ...",2023-09-23,2023,9,2023-09,Wisata Bukit Jaddhih,Tempat Umum,4.0
REV003415,ulasan,Sepertinya sekarang tdk ada pengelolaan.. Jd kotor kurang perawatan,2023-09-23,2023,9,2023-09,Wisata Bukit Jaddhih,Tempat Umum,2.0
REV003459,ulasan,"kotor, fasilitas tidak ada, ada maling tapi sempat ketahuan",2023-09-23,2023,9,2023-09,Wisata Bukit Jaddhih,Tempat Umum,1.0
REV003462,ulasan,Sepi dan kurang perawatan setelah covid. Wisata murah fan menarik,2023-09-23,2023,9,2023-09,Wisata Bukit Jaddhih,Tempat Umum,5.0
REV003467,ulasan,"Banyak pungli, pelayanan sangat tidak ramah, kesannya memalak, tempat tidak terawat,",2023-09-23,2023,9,2023-09,Wisata Bukit Jaddhih,Tempat Umum,1.0
REV003474,ulasan,Ga ada toilet,2023-09-23,2023,9,2023-09,Wisata Bukit Jaddhih,Tempat Umum,1.0
REV003495,ulasan,"Awal dateng berasa kok gini doang, pas di area bukit tiba2 disamperin orang sana trus diarahkan ke tempat spot2 Poto, pas ke lokasi ternyata emang cukup asik, banyak spot indah, saran kebersihan lebih diperhatikan dan juga akan semakin ...",2023-09-23,2023,9,2023-09,Wisata Bukit Jaddhih,Tempat Umum,5.0
REV003510,ulasan,"Bukit jeddih ini bukit kapur yang penambangannya masih aktif. Namun ada sisi yang sudah tidak beroperasi dan dijadikan wisata. Untuk view yang ditawarkan menarik. Untuk fasilitas ada warung makan, toilet (kurang tau keadaannya). Akses ...",2023-09-23,2023,9,2023-09,Wisata Bukit Jaddhih,Tempat Umum,4.0
REV003532,ulasan,Spot Foto dengan latar bukit kapur bekas galian tambang. Toilet gelap tdk ada lampu. ...,2023-09-23,2023,9,2023-09,Wisata Bukit Jaddhih,Tempat Umum,3.0
REV003546,ulasan,Tempat menarik yang dibuat oleh masyarakat Madura untuk menarik wisatawan menjelajahi pulau mereka. Anda dapat berjalan-jalan di luar dan di dalam gua. Beberapa tempat masih dalam tahap pengembangan. Fasilitas toiletnya bagus dan bersih.,2022-09-23,2022,9,2022-09,Wisata Bukit Jaddhih,Tempat Umum,5.0
REV003567,ulasan,Lokasi tambang batu kapur yg bagus untuk jadi spot foto2. Tempat masih bersih belum terlalu rame.... Tiket masuk juga murah.,2022-09-23,2022,9,2022-09,Wisata Bukit Jaddhih,Tempat Umum,5.0
REV003570,ulasan,Pemandangannya bagus tetapi untuk kebersihan masih banyak sampah dimana-mana mungkin harus ditambah fasilitas tempat sampah,2022-09-23,2022,9,2022-09,Wisata Bukit Jaddhih,Tempat Umum,5.0
REV003577,ulasan,"Perjalanan sangat menyenangkan. Kanan kiri persawahan yg sejuk. Jalan lumayan halus, dan agak sepi walau agak sempit. Setiba di bukit kapur, cuacanya sangat panas. Maklum pulau Madura terkenal akan panasnya. Namun terobati dengan ...",2022-09-23,2022,9,2022-09,Wisata Bukit Jaddhih,Tempat Umum,4.0
REV003604,ulasan,"Eksotis,buat wisata anti mainstream. Kebersihan perlu ditingkatkan. Tdk rekom buat mobil jenis sedan kesini karena medannya bergelombang",2022-09-23,2022,9,2022-09,Wisata Bukit Jaddhih,Tempat Umum,4.0
REV003619,ulasan,"Tempat yang bagus untuk berfoto, namun tidak ada petunjuk untuk ke sana dan medan perjalanan cukup terjal. Pelayanan oleh pengelola kurang bagus.",2022-09-23,2022,9,2022-09,Wisata Bukit Jaddhih,Tempat Umum,3.0
REV003626,ulasan,Tiket masuk kendaraan roda dua 10000 untuk roda empat 25000 Tiket masuk kolam renang untuk kendaraan roda 2 (yang airnya gak bersih) 25000 untuk roda 4 40000+ ...,2022-09-23,2022,9,2022-09,Wisata Bukit Jaddhih,Tempat Umum,1.0
REV003628,ulasan,"Lebih baiknya Pergi waktu sore hari /pagi hari ,karena Siang panas bangat Dan berdebu juga , Tapi lumayan pemandangannya ,mantap",2022-09-23,2022,9,2022-09,Wisata Bukit Jaddhih,Tempat Umum,5.0
REV003632,ulasan,Nice pict.. Cuman kurang warung dan kebersihan nya,2022-09-23,2022,9,2022-09,Wisata Bukit Jaddhih,Tempat Umum,4.0
REV003647,ulasan,Tidak direkomendasikan untuk mengendarai sepeda motor karena medan berupa batuan kapur berlumut yang bisa menyebabkan sepeda motor tergelincir. Sedia sunscreen dan masker karena suhu udara sangat panas dan berdebu akibat proses penambangan batuan kapur.,2022-09-23,2022,9,2022-09,Wisata Bukit Jaddhih,Tempat Umum,2.0
REV003656,ulasan,"Tukang karcis tidak ramah sekali. Tempat wisatanya tidak terawat. Kotor dan tandus, airnya jg keruh bgt. Tidak rekomen bgt dech....",2022-09-23,2022,9,2022-09,Wisata Bukit Jaddhih,Tempat Umum,3.0
REV003680,ulasan,Kotor...panas..sekedar memenuhi hasrat penasaran aja,2022-09-23,2022,9,2022-09,Wisata Bukit Jaddhih,Tempat Umum,3.0
REV003691,ulasan,"Airnya hijau lumut, bukan biru. Bnyk banget punglinya. Sampai tujuan hrs bayar pungli 3 kali. Dan danau kotor bnyk sampah.",2022-09-23,2022,9,2022-09,Wisata Bukit Jaddhih,Tempat Umum,1.0
REV003693,ulasan,"Makin bagus dengan adanya air kolam yg beberapa waktu lalu kering, sekarang perahunya sudah bisa operasi, ada kuda joget juga...sayangnya banyak lumut didinding jago gak begitu tampak putihnya...",2022-09-23,2022,9,2022-09,Wisata Bukit Jaddhih,Tempat Umum,5.0
REV003699,ulasan,Sedikit kotor dan tidak dirawat rapi sebagai tempat wisata,2022-09-23,2022,9,2022-09,Wisata Bukit Jaddhih,Tempat Umum,3.0
REV003703,ulasan,Sementara masih belum terdapat fasilitas untuk obyek wisata seperti toilet.. Tapi buktinya bagus dan keren,2022-09-23,2022,9,2022-09,Wisata Bukit Jaddhih,Tempat Umum,5.0
REV003726,ulasan,"Tempatnya luas & banyak spot foto bagus. Namun efek berantai dari pandemi covid rupanya cukup berpengaruh pada bukit Jaddih, tempatnya kurang terawat, banyak kios penjual makanan yg tutup, akses jalan kurang dirawat, agak menyulitkan bus ...",2022-09-23,2022,9,2022-09,Wisata Bukit Jaddhih,Tempat Umum,3.0
REV003736,ulasan,"Kalo kesini bawa toilet sendiri yaa, siapkan uang yg banyak",2022-09-23,2022,9,2022-09,Wisata Bukit Jaddhih,Tempat Umum,1.0
REV003745,ulasan,"Pemandangan bagus dan bersih, meski dari pertambangan kapur yg diola menjadi tempat wisata. Akses jalannya cukup mudah dan untuk harga tiketnya juga murah. Cocok sih kalo buat sesi foto prewed karena banyak spot2 foto yg memiliki view bagus. Tersedia juga tempat parkir yg luas",2022-09-23,2022,9,2022-09,Wisata Bukit Jaddhih,Tempat Umum,5.0
REV003752,ulasan,"Pertama kali kesini. Tempatnya panas, memang bukit kapur. Ada kolam dengan sedikit air. Tapi justru menambah eksotis lokasinya.",2022-09-23,2022,9,2022-09,Wisata Bukit Jaddhih,Tempat Umum,5.0
REV003783,ulasan,"Tempat ziaroh yg bikin nyaman, adem tentrem dihati.. Airnya segerr...",2025-11-23,2025,11,2025-11,Kolla Langgundi,Tempat Umum,5.0
REV003785,ulasan,"Suasana sama seperti 5-7 tahun yg lalu, tapi yg berbeda adalah, sumber mata airnya tidak dibersihkan, kurang bersih, bahkan kemarin saat saya memasukkan airnya ke dalam botol, ada serangga air yg masuk, mohon ditingkatkan lagi kebersihan sumber airnya, overall good",2025-09-23,2025,9,2025-09,Kolla Langgundi,Tempat Umum,4.0
REV003787,ulasan,Udaranya sejuk dan bersih.,2025-09-23,2025,9,2025-09,Kolla Langgundi,Tempat Umum,5.0
REV003791,ulasan,"Petugas Ramah,Pelayanan Baik",2024-09-23,2024,9,2024-09,Kolla Langgundi,Tempat Umum,5.0
REV003798,ulasan,"Airnya Sangat menenangkan hati dan pikiran, usahakan minimal Utk cuci muka , lebih baik lagi jika mandi",2023-09-23,2023,9,2023-09,Kolla Langgundi,Tempat Umum,5.0
REV003800,ulasan,Petilasan sumber air tawar di tepi pantai. Terdapat pula Bumi Perkemahan Batu Layar,2022-09-23,2022,9,2022-09,Kolla Langgundi,Tempat Umum,5.0
REV003801,ulasan,Tempatnya bagus dan juga bersih,2022-09-23,2022,9,2022-09,Kolla Langgundi,Tempat Umum,5.0
REV003813,ulasan,Tempatnya cukup bersih dan terawat..,2022-09-23,2022,9,2022-09,Kolla Langgundi,Tempat Umum,5.0
REV003820,ulasan,Barakallah.. tramat bersih dan sehat juga bisa napak tilas,2021-09-23,2021,9,2021-09,Kolla Langgundi,Tempat Umum,5.0
REV003825,ulasan,Mata air alami bisa untuk mencuci aura negatif,2020-09-23,2020,9,2020-09,Kolla Langgundi,Tempat Umum,5.0
REV003828,ulasan,Air ajaib menyembuhkan berbagai penyakit,2020-09-23,2020,9,2020-09,Kolla Langgundi,Tempat Umum,5.0
REV003840,ulasan,"Jangan lupa mampir meski sekedar untuk mengambil air, bisa juga mandi disini sebelum atau sesudah dari makam mbah kolil berwisata religi..",2019-09-23,2019,9,2019-09,Kolla Langgundi,Tempat Umum,4.0
REV003842,ulasan,Air nya adem,2019-09-23,2019,9,2019-09,Kolla Langgundi,Tempat Umum,5.0
REV003859,ulasan,Kolam dan air mancur Syekh Kholil bin Abd Latif Bangkalan.,2016-09-23,2016,9,2016-09,Kolla Langgundi,Tempat Umum,4.0
REV003861,ulasan,"Banyak pemaksaan, terutama yang ngemis, dan jualan air",2026-07-23,2026,7,2026-07,Sumber Air Mata Ibu,Tempat Umum,2.0
REV003871,ulasan,Alhamdulillah sudah sampai ke sumber air mata ibu.,2025-09-23,2025,9,2025-09,Sumber Air Mata Ibu,Tempat Umum,5.0
REV003872,ulasan,"Alhamdulillah hirrobil allamin saget sowan Dateng Sumber Air Mata Ibu,,",2024-09-23,2024,9,2024-09,Sumber Air Mata Ibu,Tempat Umum,4.0
REV003875,ulasan,Air keramat ini ternyata mengalir dari makam ratu ibu Syarifah Ambami,2022-09-23,2022,9,2022-09,Sumber Air Mata Ibu,Tempat Umum,5.0
REV003878,ulasan,"alhamdulillah bisa ketempat sumber air mata ibu , air nya jernih dan tersedia botol baru sekarang",2022-09-23,2022,9,2022-09,Sumber Air Mata Ibu,Tempat Umum,5.0
REV003879,ulasan,Alhamdulillah akhir nya bjsa tau tempat sumber nya dan dapat air nya yang ASLI,2022-09-23,2022,9,2022-09,Sumber Air Mata Ibu,Tempat Umum,5.0
REV003880,ulasan,"Air nya jernih , barokallah",2022-09-23,2022,9,2022-09,Sumber Air Mata Ibu,Tempat Umum,5.0
REV003881,ulasan,"Bermanfaat sskali , air nya jernih dan bersih barokallah",2022-09-23,2022,9,2022-09,Sumber Air Mata Ibu,Tempat Umum,5.0
REV003885,ulasan,Kalo berziarah ke air mata habis ziarah langsung turun ke sumber air mata yg asli dibawah pesarean,2022-09-23,2022,9,2022-09,Sumber Air Mata Ibu,Tempat Umum,5.0
REV003892,ulasan,Main kesana minum air nya seger bgt ya Allah.,2022-09-23,2022,9,2022-09,Sumber Air Mata Ibu,Tempat Umum,5.0
REV003907,ulasan,"Ini adalah kedua kalinya kami kesini. Pantai cantik dengan pasir putih yang lembut dan mempesona di pesisir Bangkalan Madura. Perjalanan dari Bangkalan kota kurang lebih 1 jam. Tempatnya memang agak masuk karena melewati jalan perkampungan, kadang masih mencium aroma dari kandang kambing & sapi. Agak susah memang cara mensiasati karena memang itu jalan warga. Harga tiket masuk cuman 5ribu. Dan boleh nge-camp juga. Kalo tidak salah permalamnya 15.000/orang. Waktu terbaik untuk mengunjungi tempat ini adalah pagi hari sebelum jam 9 karena cuaca masih belum begitu terik. Kalo perjalanan dari arah Bangkalan kota lebih baik memang subuh gitu, soalnya perjalanan kesana seperti melawan arah matahari, silauuu banget. Wajib banget bawa kacamata hitam kalo pas nyetir. Pantai dan suasananya masih asri banget. Kalo kesini jangan lupa dilarisin jajan para penjualnya ya guys. Biar mereka bisa terus bertahan dan jaga kebersihan. Wajib!! Di slide terakhir, agak galfok sama tulisan Hexareef punya Pertamina atau siapalah entah itu yg ada di papan informasi. Kalo sudah tersebar di 270 Hexareef di pantai Tlangoh. Tapiiii ajaibnya, yang kelihatan cuman 2 aja nih. Kira-kira sisanya yang 268 ada dimanakah??",2026-08-26,2026,8,2026-08,Pantai Pasir Putih Tlangoh,Tempat Umum,5.0
REV003908,ulasan,"Bintang 5 untuk pantai ini, penjualnya ramah, minus nya cuman ga ada petugas kebersihan yang ngambilin sampah dari Laut",2026-08-26,2026,8,2026-08,Pantai Pasir Putih Tlangoh,Tempat Umum,5.0
REV003909,ulasan,"Saya disni, hari ini tgl 17 Agustus 2026... Perjalanan dari Gubeng Surabaya kesini 2 Jam pakai mobil, sdh sempat singgah pom bensin sekali, dan tambah angin Sekali.. Jalan nya Cukup bagus untuk kendaraan roda 4, waktu nyampe lokasi jam 7 pagi masih belum ada orang yg megang kunci atau penanggungjawab Tiket Masuk, Parkir kami bayar nya 35 rb utk satu minibus dan dua unit mobil. Tiket masuk ke Pantai 150 ribu untuk 32 Orang, asli nya satu orang di hargai 5rb tapi dapat diskon jadinya hanya bayar segitu. Dri gerbang depan tempat bayar tiket masuk / Parkir Mobil sampai ke Pantai nya kurang lebih 200 - 250 Meter lah... Dekat aja Kok, ada banyak Gazebo di pantai nya dan Gratis juga... Ada toilet dan Warung Makan juga disni, walaupun warung nya tutup sih pas lagi disni kami..Pasir nya sih gak putih tapi coklat, Air nya agak kotor...garia Pantai nya gak begitu Lebar tapi bisa lah untuk main bola di Pantai nya, ada bbrp Ayunan juga yg bisa di gunakan. Yang paling penting, kurang nya Pantai ini thu Air nya Coklat jdinya saya yang udah biasa Lihat dan mandi di laut yang jernih air nya gak berani sentuh air laut nya. Satu Lagi menurut ku pasir nya gak putih, tapi tetap aja cukup bagus dan nyaman untuk main bola disni.",2026-08-23,2026,8,2026-08,Pantai Pasir Putih Tlangoh,Tempat Umum,4.0
REV003910,ulasan,"Dari surabaya mending kesini daripada malang selatan, jauuuuuhhh, ke tlangoh cm 2 jam sj, tanpa toll, hanya bbm dan siapkan bekal, htm murmer, warga sekitar sangat ramah, penjual2 ramah, banyak gazebo, KM bersih, datang diatas jam 1 lbh adem s/d jam tutup pantai, no macet no antri, harga makanan terjangkau dg menu beragam khas madura",2026-08-23,2026,8,2026-08,Pantai Pasir Putih Tlangoh,Tempat Umum,5.0
REV003914,ulasan,"air lautnya keruh dan sayangnya kesini waktu air laut lagi pasang, jadi cuma bisa duduk-duduk di gazebo pinggir pantai",2026-07-23,2026,7,2026-07,Pantai Pasir Putih Tlangoh,Tempat Umum,3.0
REV003915,ulasan,"waktu pertama kali datang,nasik juga pantainya. bersih, dan gak terlalu jauh dari jembatan suramadu. sekitar 45 menit. pas kedua kali datang, airnya lagi pasang. jadi gak bs menikmati apa2. harga makanan dan minuman juga logis. hanya saja, parkir digetok lumayan (15 rb) terus ada karcis masuk yang tdk dijaga petugas khusus, agaknya anak2 sekitaran yang ketika terima uang langsung ketawa-ketawa. tiket masuk 5rb per orang (tertulis tangan di loket) tapi di tiket gak ada tulisan tarifnya, juga gak ada tanggalnya, dan yg pasti beli 7, dikasih 5 karcis. kecil2 udah korupsi.",2026-07-23,2026,7,2026-07,Pantai Pasir Putih Tlangoh,Tempat Umum,3.0
REV003917,ulasan,"Masuk sktr jam 14.00, suasana sangat sepi...jd nyaman menikmati pantainya. Pasirnya putih, warga sekitarnya ramah2, kamar mandi ckp bersih. Tipe pantai berkaranng, jd sebaiknya pakai sandal kl mau main pasir atau main air dkt laut.",2026-06-23,2026,6,2026-06,Pantai Pasir Putih Tlangoh,Tempat Umum,5.0
REV003920,ulasan,"Tempatnya sepi gak terlalu ramai pengunjung cuma kemarin pas kesana air lagi pasang jadi pasir putih gak ada. Parkir luas, bayar nya juga murah. Untuk dari parkir ke dalam sekitar 50 meter. Makanan dan minuman harga masih terjangkau Toilet ada, mushola juga ada. Dari suramadu masih 1,5jam laaah",2026-06-23,2026,6,2026-06,Pantai Pasir Putih Tlangoh,Tempat Umum,4.0
REV003921,ulasan,"Masih asri, pantai bersih, pedagang ramah2 dan harga murah. Munkin pas kesini agak pasang air lautnya, jadi ga kelihatan semua pantai pasir putihnya",2026-06-23,2026,6,2026-06,Pantai Pasir Putih Tlangoh,Tempat Umum,5.0
REV003922,ulasan,Overall okee sih banyak jual makan disana Kurang tempat stp kontak & Klo bisa datang sore atau pas air surut Lebih ciamik,2026-06-23,2026,6,2026-06,Pantai Pasir Putih Tlangoh,Tempat Umum,4.0
REV003926,ulasan,Pantainya bersih dan bagus untuk sore hari,2026-05-23,2026,5,2026-05,Pantai Pasir Putih Tlangoh,Tempat Umum,5.0
REV003928,ulasan,"Waktu ke sana air laut pasang, jd lain kali coba kesana lagi. Makanan dan jajanan murah harga normal 👍 ...",2026-04-23,2026,4,2026-04,Pantai Pasir Putih Tlangoh,Tempat Umum,5.0
REV003933,ulasan,aga kecewa pas datang air naik :(,2026-04-23,2026,4,2026-04,Pantai Pasir Putih Tlangoh,Tempat Umum,3.0
REV003934,ulasan,"Tiket masuk murah,,saya 1 motor 4 orang,2 anak2 2 dewasa,hanya bayar 10k saja,sudah termasuk parkir,harga makanan juga standar gak mahal,pantainya bersih,ombak ya tenang,dan pasir ya putih,cocok untuk anak2",2026-04-23,2026,4,2026-04,Pantai Pasir Putih Tlangoh,Tempat Umum,5.0
REV003939,ulasan,Partainya bersih dan sejuk,2026-01-23,2026,1,2026-01,Pantai Pasir Putih Tlangoh,Tempat Umum,5.0
REV003940,ulasan,Tempatnya bagus bersih dan penjualnya ramah2 Hari biasa parkir 3k tiket masuk 5k Sabtu minggu Parkir 5k tiket masuk 10k klo parkir buat motor (permotor) tiket masuk perorang,2026-01-23,2026,1,2026-01,Pantai Pasir Putih Tlangoh,Tempat Umum,5.0
REV003943,ulasan,"Pantai Lumayan Bersih, Minusnya kamar mandi nya Sering kekurangan Air, Airnya Kecil",2026-01-23,2026,1,2026-01,Pantai Pasir Putih Tlangoh,Tempat Umum,3.0
REV003946,ulasan,"Walau agak jauh, menurut saya lebih enak disini. pantainya luas, bersih, aman buat main air anak anak. banyak saung dan tempat duduk yang menjual makanan , harganya juga masih wajar dan rasanya lumayan. tiket masuk terjangkau : Dewasa 10rb, Anak 5rb. Parkir Mobil 5rb.",2026-01-23,2026,1,2026-01,Pantai Pasir Putih Tlangoh,Tempat Umum,5.0
REV003947,ulasan,"Pros: -pantai PSIR putih bagus, tidak terlalu ramai -banyak juga penjual makanan minuman harga lumrah Cons: -kamar mandi tidak terlalu bersih -Dipantai pasir nya banyak sampah. Ya salah satu pilihan dri pada ke parang Tritis Jogja",2026-01-23,2026,1,2026-01,Pantai Pasir Putih Tlangoh,Tempat Umum,3.0
REV003950,ulasan,"Cukup sepi, tenang dan bersih dari pada pantai Delegan mending ini. Tapi tetap kebersihan harus terus dijaga dan ditingkatkan.",2026-01-23,2026,1,2026-01,Pantai Pasir Putih Tlangoh,Tempat Umum,4.0
REV003951,ulasan,"Kamar bersih, luas, nyaman....",2025-12-23,2025,12,2025-12,Pantai Pasir Putih Tlangoh,Tempat Umum,5.0
REV003953,ulasan,Benahi utk keramahannya yaa penjual ataupun pengelolaan toilet.,2025-12-23,2025,12,2025-12,Pantai Pasir Putih Tlangoh,Tempat Umum,4.0
REV003963,ulasan,"airnya jernih, meski jauh tapi bagus dan murah tiketnya",2025-09-23,2025,9,2025-09,Pantai Pasir Putih Tlangoh,Tempat Umum,5.0
REV003964,ulasan,Wowww alhmdulilah sampe juga kesinii... tempatnyaa bagusss kalo kata akuu yahhh dgn view laut yg biruu rasanyaa bikin betahhh terus.. dan tersedia berbagai makanan dan cemilan minuman juga. . Harganya terjangkau.. area parkir juga luas.. dkt dgn mesjid... Ada toilet .. pokoknyaa yg blm pernah kesini wajib maen kesini... spektaa eim jeuriweuh... 💃 💃 💃,2025-09-23,2025,9,2025-09,Pantai Pasir Putih Tlangoh,Tempat Umum,5.0
REV003965,ulasan,Bagus pantainya cm agak sedikit kotor dan kurang terjaga,2025-09-23,2025,9,2025-09,Pantai Pasir Putih Tlangoh,Tempat Umum,5.0
REV003968,ulasan,"Wisata pantai yg lumayan dekat dr surabaya, hamparan pasir luas pantai nya juga lumayan bersih toilet tersedia dgn byr 2rb Cukup menyenangkan terutama buat anak2 Happy holiday",2025-09-23,2025,9,2025-09,Pantai Pasir Putih Tlangoh,Tempat Umum,5.0
REV003969,ulasan,"Ini hidden gem sih. Lama perjalanan 2,5 jam dihitung sejak exit Suramadu. Rute perjalanan cukup menyenangkan, pas masih ada matahari. Pas sudah malam, sepanjang perjalanan lebih banyak area tanpa PJU. Kalo ga sama warlok, mending jam 4 sore udah otw balik Sby. Pasir putih halus, ramah dikaki. Buat main pasir oke. Buat grounding badan lebih oke. Ombak ga terlalu besar. Buat mandi masih aman. Minus? Fasilitas pendukung kurang terawat. Termasuk kamar bilas yg seadanya. Warung-warung juga terlihat ga terawat. Mungkin karena kondisi pantai yang sepi, jadi konsumen nya sedikit. Masih ada yg buang sampah sembarangan.",2025-09-23,2025,9,2025-09,Pantai Pasir Putih Tlangoh,Tempat Umum,5.0
REV003972,ulasan,"Baguss dan masih sepi, kemarin mampir sini pas ada kerjaan di surabya tp harap jm 16 sore bagi yg luar kota sdh pulang ya supaya aman di perjalanan. Jaga kebersihan pantai ya, kmrn liat bnyk yg buang sampah sembarangan",2025-09-23,2025,9,2025-09,Pantai Pasir Putih Tlangoh,Tempat Umum,5.0
REV003973,ulasan,"Salah satu pantai pasir putih di bangkalan, Suasana cukup alami, Semoga pemda dan stakeholders mulai bisa menata agar lebih nyaman, lebih banyak pilihan makanan serta fasilitas sanitasi bisa diperbaiki Pantura madura punya potensi wisata pantai bagus, sayang kalau potensi nya tidak dioptimalka.",2025-09-23,2025,9,2025-09,Pantai Pasir Putih Tlangoh,Tempat Umum,4.0
REV003978,ulasan,lumayan bagus untuk melepas rindu dengan pantai karena kalau di sekitaran lamongan surabaya pasuruan probolinggo sudah keruh sekali dan pantai ini masih kelihatan biru airnya. ada tempat berteduhnya pula sehingga ga terlalu panas buat bersantai,2025-09-23,2025,9,2025-09,Pantai Pasir Putih Tlangoh,Tempat Umum,4.0
REV003980,ulasan,Bagus pasir putih ombak juga kenceng tempat e bersih tiket masuk nya murah 5rb,2025-09-23,2025,9,2025-09,Pantai Pasir Putih Tlangoh,Tempat Umum,4.0
REV003981,ulasan,"Pantai pasir putih dan bersih dari sampah, suasananya nyaman, pas kesini gak musim liburan jd lumayan sepi 😁 ...",2025-09-23,2025,9,2025-09,Pantai Pasir Putih Tlangoh,Tempat Umum,5.0
REV003982,ulasan,"Untuk dalam waktu dekat mending ditunda dulu main dipantai ini, airnya lagi pasang. Pasir pinggir pantainya smp ga kelihatan. Suka nya, makanan disini harganya normal. Ga overprice",2025-09-23,2025,9,2025-09,Pantai Pasir Putih Tlangoh,Tempat Umum,5.0
REV003987,ulasan,Pertama kali datang ke sini kesan nya kurang bagus karena toilet tidak di bersihkan dan penjaga nya tidak ramah,2025-09-23,2025,9,2025-09,Pantai Pasir Putih Tlangoh,Tempat Umum,2.0
REV003989,ulasan,Pantai dengan pasir putih. Pantainya sedikit kotor. Tpi overall bagus sih. Banyak gazebo yg rusak.,2025-09-23,2025,9,2025-09,Pantai Pasir Putih Tlangoh,Tempat Umum,4.0
REV003990,ulasan,seru sekali dan bagus bisa menikmati pemandangan serta suara gemericik air yang bergulung gulung serta bisa melepas lelah makan minum tolitet cinderamata lengkap semua pokoknya asyik banget untuk berlibur bersama kluarga,2025-09-23,2025,9,2025-09,Pantai Pasir Putih Tlangoh,Tempat Umum,5.0
REV003993,ulasan,"Enak, pantai bersih, kamr mandi bersih",2025-09-23,2025,9,2025-09,Pantai Pasir Putih Tlangoh,Tempat Umum,5.0
REV003994,ulasan,"Pantai dengan sunrise tercantik di Bangkalan. Dijamin bikin gagal move on. Perpaduan warna laut tosca dengan langit biru dan pasir putih. Air laut yang tenang ditambah minim batu karang bikin nyaman berenang. Cocok untuk camping, bisa buat api unggun. Hanya saja minim pohon jadi saat siang panas. Akses menuju pantai sangat mudah, bisa dilalui Bus Pariwisata. Htm murah, hanya 5k. Parkir motor juga 5k. Toilet sangatt bersih dan terawat. Tersedia penjual sabun dan shampo. Banyak warung penjual makanan, jadi gaperlu takut kelaparan. RECOMMENDED 🫵",2025-09-23,2025,9,2025-09,Pantai Pasir Putih Tlangoh,Tempat Umum,5.0
REV003997,ulasan,"Parkir 10rb tiket masuk 5rb, worth it banget. Pantai pasir putih yang bersih, makanan tradisionak murah meriah.",2025-09-23,2025,9,2025-09,Pantai Pasir Putih Tlangoh,Tempat Umum,5.0
REV003998,ulasan,"Pantai nya bersih, sedikit batu2an, pedagang ramah, tidak banyak pengunjung, serasa pantai pribadi, makanan harga terjangkau, Sayangnya akses masuk jalanan sempit",2025-09-23,2025,9,2025-09,Pantai Pasir Putih Tlangoh,Tempat Umum,5.0
REV004001,ulasan,"Bagus viewnya, pasirnya bersih putih, fasilitas lengkap, banyak yg jual makanan minuman.",2025-09-23,2025,9,2025-09,Pantai Pasir Putih Tlangoh,Tempat Umum,5.0
REV004002,ulasan,"Lumayan dekat surabaya, jalan aspal datar . Es kelapa muda utuh 1 buah 16ribu ,ke toilet 2000 . Pulang dari sana pas di parkiran mobil gak bisa di stater alhamdulillah warga sana gercep bantuin dorong. Alhamdulillah akhirnya bisa nyala",2025-09-23,2025,9,2025-09,Pantai Pasir Putih Tlangoh,Tempat Umum,4.0
REV004004,ulasan,"Kaget pantainya cukup bersih, cukup ideal untuk bermain pasir. Tidak banyak karang. Airnya tidak nampak jernih tapi tidak kotor. Tiket masuk 5 ribu rupiah per orang. Dari tempat parkir ke pantai hanya 100 meter saja. Tempat makan minum juga murah. Dengan budget minim tapi mau menikmati pantai, pantai ini bisa jadi pilihan yang cukup ideal.",2025-09-23,2025,9,2025-09,Pantai Pasir Putih Tlangoh,Tempat Umum,4.0
REV004011,ulasan,Pantai lumayan bersih 👍 👍 👍 ...,2025-09-23,2025,9,2025-09,Pantai Pasir Putih Tlangoh,Tempat Umum,4.0
REV004013,ulasan,"Pantai nya bersih, banyak karang karang, tiket masuk 5k parkir sepeda motor 5k, parkir mobil 10k. Banyak gazebo fasilitas dr warung warung, harga makanan relatif terjangkau,. Toilet bersih",2025-09-23,2025,9,2025-09,Pantai Pasir Putih Tlangoh,Tempat Umum,5.0
REV004018,ulasan,"Sayang sekali alam yg indah di rusuhi dengan banyak sampah, mohon kesadarannya pengunjung dan penjual",2024-09-23,2024,9,2024-09,Pantai Pasir Putih Tlangoh,Tempat Umum,5.0
REV004022,ulasan,Bagus tempatnya. Pasir bersih dari sampah. Makanan murah.,2024-09-23,2024,9,2024-09,Pantai Pasir Putih Tlangoh,Tempat Umum,5.0
REV004024,ulasan,"Ke sini pas Minggu sore, tidak terlalu panas. Parkiran besar hingga bus bisa masuk, tetapi perlu berjalan 5 menitan untuk sampai ke bibir pantai. Banyak gerai makanan yang dijual di pinggir pantai, kalau duduk di gazebo harus sesuai dengan pedagang yang kita beli. Pantainya cukup bersih dan luas dengan ombak yang tidak terlalu besar, cocok untuk anak-anak. Tapi sayang disini ada penjual yang catcalling, perlu ditertibkan.",2024-09-23,2024,9,2024-09,Pantai Pasir Putih Tlangoh,Tempat Umum,4.0
REV004026,ulasan,Minggu kemarin baru saja berkunjung ke pantai ini view-nya lumayan cakep pengunjungnya nggk terlalu rame dan satu hal yang mungkin perlu diperhatikan dari pantai ini yaitu sampah Tiket murah only 5k per orng..pantai ini cocok buat yg nyari sunrise,2024-09-23,2024,9,2024-09,Pantai Pasir Putih Tlangoh,Tempat Umum,4.0
REV004027,ulasan,Tempatnya bagus dan bersih.,2024-09-23,2024,9,2024-09,Pantai Pasir Putih Tlangoh,Tempat Umum,5.0
REV004032,ulasan,"Banyak gazebo cocok untuk event keluarga. Tiket juga murah. Dewasa 10k anak"" 5k aja . Banyak food court nya juga ga khawatir kelaparan. Pantainya bersih. Buat keluarga yg mau bawa makanan dr rumah jg bisa ga dilarang kok.",2024-09-23,2024,9,2024-09,Pantai Pasir Putih Tlangoh,Tempat Umum,5.0
REV004033,ulasan,"Kotor, kurang terawat",2024-09-23,2024,9,2024-09,Pantai Pasir Putih Tlangoh,Tempat Umum,3.0
REV004037,ulasan,"Pantainya cukup bersih, masih dapat sinyal 4g full, pemandangan lautnya bagus, kuliner standar cukup terjangkau tidak menguras kantong, parkir motor 3000 harga tiket masuk 5000 per orang, klo sore kesini hawanya semilir sejuk",2024-09-23,2024,9,2024-09,Pantai Pasir Putih Tlangoh,Tempat Umum,5.0
REV004038,ulasan,"Saya sangat puas saat menginap di hotel Favehotel Rungkut ini terbaik kamar bersih, lengkap dan makanannya enak-enak ✨",2024-09-23,2024,9,2024-09,Pantai Pasir Putih Tlangoh,Tempat Umum,5.0
REV004039,ulasan,Pantainya bersih. Bagus,2024-09-23,2024,9,2024-09,Pantai Pasir Putih Tlangoh,Tempat Umum,5.0
REV004041,ulasan,"pantai yang masih nyaman di madura ini memiliki banyak keunggulan,yakni:tempatnya masih asli,tidak banyak sampah,banyak kepiting2 kecil yang lucu dan bagus untuk difoto,bisa melihat pemandangan sunset dan pelangi dengan jelas,tempat untuk mandi banyak dan terhitung murah tidak sampai 5k.namun parkir disini susah dan pintu masuknya seperti masuk sebuah perumahan warga jadi membuat awalnya saya jadi sedikit ragu,dan disini sepertinya tidak terdapat nelayan2 penjual hasil laut disekeliling pantai.",2024-09-23,2024,9,2024-09,Pantai Pasir Putih Tlangoh,Tempat Umum,5.0
REV004045,ulasan,disarankan berkunjung waktu air laut sedang surut,2024-09-23,2024,9,2024-09,Pantai Pasir Putih Tlangoh,Tempat Umum,5.0
REV004048,ulasan,Baru pertama kali kesini Pasirnya Putih Haluuuss Pas kesitu airnya pasang Ombaknya keren Tapi Sayang airnya keruh yg di pinggir,2024-09-23,2024,9,2024-09,Pantai Pasir Putih Tlangoh,Tempat Umum,5.0
REV004049,ulasan,"Tempatnya nyaman dan bersih,karcis masuk dan makanan pun murah..",2024-09-23,2024,9,2024-09,Pantai Pasir Putih Tlangoh,Tempat Umum,5.0
REV004050,ulasan,Pantai paling rekomended se pantura Madura. Yang lain kalah bagus. Khususnya ketika stay di pondokannya tidak panas menyengat. Itu mungkin karena pondokan langsung di bibir pantai.,2024-09-23,2024,9,2024-09,Pantai Pasir Putih Tlangoh,Tempat Umum,5.0
REV004058,ulasan,"Not bad, bisa masuk ke salah satu opsi wisata di madura tetapi lumayan kotor dan banyak sampah, semoga bisa dikelola menjadi lebih baik lagi",2024-09-23,2024,9,2024-09,Pantai Pasir Putih Tlangoh,Tempat Umum,4.0
REV004060,ulasan,"Pantai bersih, nyaman, murah meriah pula. Akses jalan dan fasilitas umum ok",2024-09-23,2024,9,2024-09,Pantai Pasir Putih Tlangoh,Tempat Umum,5.0
REV004063,ulasan,Luar biasa bagusnya Htm 5k per orang. Parkir mobil 10k. Rujak buah 10k Rujak lontong 15k Pop ice 5k Mie+telor 12k Pop mie 10k Nasi 5k Kopi hitam 5k Sedia penyewaan celana pendek 5k Toilet 2k Mandi 3k,2024-09-23,2024,9,2024-09,Pantai Pasir Putih Tlangoh,Tempat Umum,5.0
REV004065,ulasan,"Untuk memudahkan bayangan anda, pertama jangan berekspektasi pantai seperti di Bali 😂 ekspektasi seperti pantai Delegan di Gresik atau pantai2 di Gunungkidul masih oke Pasir putih lebih haluuuus dari pantai Delegan, di Tlangoh juga tidak banyak karang, tidak seperti di Delegan ☑ ️ Di Tlangoh ombaknya santai seperti di Delegan ☑ ️ Di Tlangoh disediakan banyak gazebo seperti di pantai2 Gunungkidul, tanpa biaya sewa (tapi kita mesti tau diri ya, beli2 lah minimal kelapa muda utuh cuma 15rb sebiji) ☑ ️ Toilet dekat dan bersih, ada mushola ☑ ️ Ada spot2 selfie yg dibangun pengelola ☑ ️ Kebersihan pantai masih bisa ditingkatkan ya 😂 memang banyak sampah kayu2 yg terbawa arus ombak ke daratan, tapi juga ada kita temui popok bayi (aduh)",2024-09-23,2024,9,2024-09,Pantai Pasir Putih Tlangoh,Tempat Umum,4.0
REV004066,ulasan,"Pantai berpasir bersih dengan fasilitas yang bagus. Toilet bersih, warung makan terjangkau, pemandangan pantai yang indah. Pemandangan pantai panorama yang menakjubkan. Udara segar, pasir bersih. Sempurna untuk keluarga dengan anak-anak. Tidak ramai, mungkin masih baru. Jalan masuk oke, parkir oke, 10.000 untuk mobil dan 5.000 untuk motor, tiket masuk 5.000 per orang, gratis untuk anak-anak di bawah 6 tahun. Perlu ditambahkan kios obat-obatan, plester, kapas, dll.",2024-09-23,2024,9,2024-09,Pantai Pasir Putih Tlangoh,Tempat Umum,5.0
REV004069,ulasan,"Lautnya bagus,pantainya bagus, tapi pelayanan d kamar mandi timur dket pintu masuk, pas mau bersih2, menurut sya 0, dri awal melihat tidak ada ke ramahan sama sekali dri penjaganya, sudah bayar dibilang belum bayar, bikin malu sya sbagai pengunjung",2024-09-23,2024,9,2024-09,Pantai Pasir Putih Tlangoh,Tempat Umum,3.0
REV004070,ulasan,MasyaAllah pantai nya bagus .. Bersih juga pantai nya,2024-09-23,2024,9,2024-09,Pantai Pasir Putih Tlangoh,Tempat Umum,5.0
REV004071,ulasan,ok bagus cukup bersih ada spot foto,2024-09-23,2024,9,2024-09,Pantai Pasir Putih Tlangoh,Tempat Umum,4.0
REV004074,ulasan,Bagus dan bersih,2024-09-23,2024,9,2024-09,Pantai Pasir Putih Tlangoh,Tempat Umum,5.0
REV004076,ulasan,Pantai terburuk yang pernah saya kunjungi. D pantainya banyak sampah yg berserakan dan yg paling menjijikkan disana banyak bekas popok bayi d pantainya dan anak2 yang main bola juga hampir mencelakai pengunjung. Tiket masuk untuk dewasa 10k dan untuk anak2 5k. Menurut aku gak worth bgt.,2024-09-23,2024,9,2024-09,Pantai Pasir Putih Tlangoh,Tempat Umum,1.0
REV004080,ulasan,"Bagus, bersih, tapi kmrn pas kesana cuacanya panas",2024-09-23,2024,9,2024-09,Pantai Pasir Putih Tlangoh,Tempat Umum,3.0
REV004082,ulasan,"Pantai dengan pasir putih, bagus untuk anak anak bermain air dan pasir, lumayan dekat dengan surabaya,",2024-09-23,2024,9,2024-09,Pantai Pasir Putih Tlangoh,Tempat Umum,5.0
REV004083,ulasan,"Pantai yg Bersih , Nyamaaaan",2024-09-23,2024,9,2024-09,Pantai Pasir Putih Tlangoh,Tempat Umum,5.0
REV004092,ulasan,Putih bersih Tergantung cuaca,2024-09-23,2024,9,2024-09,Pantai Pasir Putih Tlangoh,Tempat Umum,5.0
REV004093,ulasan,Bagus bersih org nya ramah makanannya murah terutama aman yah meski dikampung parkirannya luaaaasss seluas sayag ku sama kamu 🫰 ...,2024-09-23,2024,9,2024-09,Pantai Pasir Putih Tlangoh,Tempat Umum,5.0
REV004094,ulasan,pantainya bersih dan indah...,2024-09-23,2024,9,2024-09,Pantai Pasir Putih Tlangoh,Tempat Umum,5.0
REV004095,ulasan,Masih ada sampah... sayang kurang terawat,2024-09-23,2024,9,2024-09,Pantai Pasir Putih Tlangoh,Tempat Umum,4.0
REV004097,ulasan,"Cantik pantainya, pasirnya lembut, airnya jernih. Ombaknya lumayan besar. Banyak gazebo yang menyediakan Kelapa Muda, berbagai jenis es, rujak, mie, dan kudapan ringan lainnya, dengan harga yang standard.",2024-09-23,2024,9,2024-09,Pantai Pasir Putih Tlangoh,Tempat Umum,5.0
REV004100,ulasan,"Serasa private beach. Airnya bersih, pedagang disini ramah2.",2024-09-23,2024,9,2024-09,Pantai Pasir Putih Tlangoh,Tempat Umum,5.0
REV004104,ulasan,Masih terjaga dan bersih,2024-09-23,2024,9,2024-09,Pantai Pasir Putih Tlangoh,Tempat Umum,5.0
REV004107,ulasan,Pelayanan yang fast servis,2024-09-23,2024,9,2024-09,Pantai Pasir Putih Tlangoh,Tempat Umum,5.0
REV004108,ulasan,"Pantainya bersih , makanan minuman harganya murah , tiket parkir mobil 10rb loket masuk per orang 5rb Wisata recommended . Banyak fasilitas gazebo nya gratis juga , jadi nyaman buat liburan keluarga",2024-09-23,2024,9,2024-09,Pantai Pasir Putih Tlangoh,Tempat Umum,5.0
REV004110,ulasan,"HTM 5000 per orang, Lumayan bersih pantainya.",2024-09-23,2024,9,2024-09,Pantai Pasir Putih Tlangoh,Tempat Umum,4.0
REV004113,ulasan,Bagus boloo... Tempat bersih aman buat berenang,2024-09-23,2024,9,2024-09,Pantai Pasir Putih Tlangoh,Tempat Umum,5.0
REV004115,ulasan,"Pantainya bagus, pasir nya putih, akses jalannya juga sudah mudah dilewati, hanya saja akses menuju kesana nya Masi mau kotoran hewan.. semoga kedepannya pihak pengelolah bisa memperbaiki.",2024-09-23,2024,9,2024-09,Pantai Pasir Putih Tlangoh,Tempat Umum,5.0
REV004118,ulasan,Lumayan pantainya cuma tempat pepohonan kurang untuk berteduh. Semoga kedepanE semakin hijau n bersih ✴ Pareng,2024-09-23,2024,9,2024-09,Pantai Pasir Putih Tlangoh,Tempat Umum,3.0
REV004122,ulasan,pantainya si lumayan bersih.... kalo panorama si b aja,2024-09-23,2024,9,2024-09,Pantai Pasir Putih Tlangoh,Tempat Umum,4.0
REV004127,ulasan,Termasuk pantai yang bersih,2023-09-23,2023,9,2023-09,Pantai Pasir Putih Tlangoh,Tempat Umum,5.0
REV004130,ulasan,😊 👍 Bagus pantai nya Toiletnya juga bersih ...,2023-09-23,2023,9,2023-09,Pantai Pasir Putih Tlangoh,Tempat Umum,5.0
REV004131,ulasan,"Suasana enak, masih bersih pantainya. Hanya kurang sentuhan dinas pariwisata untuk perbaikan fasilitas serta promosi. Jalan masuk melewati halaman kosong bau kotoran hewan peliharaan warga sangat mengganggu hidung.",2023-09-23,2023,9,2023-09,Pantai Pasir Putih Tlangoh,Tempat Umum,4.0
REV004132,ulasan,"1. Pasir putih 2. Bersih sesuai ekspetasi, yang penting jangan lupa buang sampah di tempatnya karena tersedia banyak tempat sampah ...",2023-09-23,2023,9,2023-09,Pantai Pasir Putih Tlangoh,Tempat Umum,5.0
REV004133,ulasan,"Seperti namanya, pantai ini berpasir putih. Suasana pantai tidak terlalu ramai, asyik untuk bermain anak-anak, apalagi di saat air laut surut, ombaknya tidak terlalu besar. ...",2023-09-23,2023,9,2023-09,Pantai Pasir Putih Tlangoh,Tempat Umum,5.0
REV004134,ulasan,Pantainya bagus dan bersih,2023-09-23,2023,9,2023-09,Pantai Pasir Putih Tlangoh,Tempat Umum,4.0
REV004137,ulasan,"Pantai bagus, pasirnya putih bersih. Senang sekali berkunjung kesana.",2023-09-23,2023,9,2023-09,Pantai Pasir Putih Tlangoh,Tempat Umum,4.0
REV004138,ulasan,"Pantainya bagus, tetapi kebersihan dan fasilitasnya perlu ditingkatkan.",2023-09-23,2023,9,2023-09,Pantai Pasir Putih Tlangoh,Tempat Umum,3.0
REV004140,ulasan,"Nyaman, bersih, bisa untuk main pasir anak, tak jauh dari tempat parkir, fasilitas cukup lengkap. ...",2023-09-23,2023,9,2023-09,Pantai Pasir Putih Tlangoh,Tempat Umum,5.0
REV004142,ulasan,"Pantai yang sangat aman dan ramah buat anak anak dan keluarga apalagi dengan pasirnya yang putih bersih seperti Pantai kuta bali, tetapi Pantai Tlangoh ini dibulan ombaknya tidak besar sehingga aman buat anak anak. ...",2023-09-23,2023,9,2023-09,Pantai Pasir Putih Tlangoh,Tempat Umum,5.0
REV004145,ulasan,Pantainya bersih dan pemandangan indah,2023-09-23,2023,9,2023-09,Pantai Pasir Putih Tlangoh,Tempat Umum,4.0
REV004146,ulasan,"Pantainya bersih, harga murah. Seru banget main ombak",2023-09-23,2023,9,2023-09,Pantai Pasir Putih Tlangoh,Tempat Umum,5.0
REV004148,ulasan,"Pantainya lumayan bagus untuk dijadikan destinasi wisata bersama keluarga atau teman-teman, banyak sekali fasilitas yg tersedia di pantai tlangoh, mulai dari tempat parkir yang luas, Toilet, tempat kuliner, dan masih banyak wahana"" yang ...",2023-09-23,2023,9,2023-09,Pantai Pasir Putih Tlangoh,Tempat Umum,4.0
REV004158,ulasan,Pantai agak kotor dan panas,2023-09-23,2023,9,2023-09,Pantai Pasir Putih Tlangoh,Tempat Umum,3.0
REV004159,ulasan,Pantainya banyak sampah dan tempat untuk foto banyak yang rusak,2023-09-23,2023,9,2023-09,Pantai Pasir Putih Tlangoh,Tempat Umum,2.0
REV004162,ulasan,"Pantainya indah. Saya menikmati waktu saya sambil minum air kelapa yang bisa dibeli dari penjual lokal. Namun, saat saya mengunjungi tempat ini, ada banyak sampah. Akan lebih baik jika pihak berwenang setempat menyediakan tempat sampah yang cukup.",2023-09-23,2023,9,2023-09,Pantai Pasir Putih Tlangoh,Tempat Umum,4.0
REV004164,ulasan,Bagus tapi kurang perawatan,2023-09-23,2023,9,2023-09,Pantai Pasir Putih Tlangoh,Tempat Umum,5.0
REV004165,ulasan,Pantainya bagus dan bersih,2023-09-23,2023,9,2023-09,Pantai Pasir Putih Tlangoh,Tempat Umum,5.0
REV004166,ulasan,"Bagus banget bersih kalau kesana recomended waktu air pasang di siang hari...liburan gak usah jauh2 cukup 1,5 jam perjalanan dari Surabaya.",2023-09-23,2023,9,2023-09,Pantai Pasir Putih Tlangoh,Tempat Umum,5.0
REV004167,ulasan,"Pantai ini cocok untuk tempat piknik keluarga. Dilengkapi gazebo, ukm, fasilitas ibadah dan toilet. Makananx bervariasi, buat yg mau cicipi rujak madura disini bisa banget. Tersedia oleh2 khas daerah tlangoh.",2023-09-23,2023,9,2023-09,Pantai Pasir Putih Tlangoh,Tempat Umum,4.0
REV004170,ulasan,"Parkiran luas, harga tiket murah, Pasir putih bersih, airnya relatif masih jernih dan segar, banyak tersedia makanan, ada kamar mandi dan toilet bersih. Cocok untuk liburan singkat keluarga sambil menemani anak bermain di pantai.",2023-09-23,2023,9,2023-09,Pantai Pasir Putih Tlangoh,Tempat Umum,5.0
REV004171,ulasan,"Lumayan bagus,bersih juga",2023-09-23,2023,9,2023-09,Pantai Pasir Putih Tlangoh,Tempat Umum,4.0
REV004172,ulasan,Pantai pasir putih yg keren bersih dan menjadi tempat wisata untuk keluarga.,2023-09-23,2023,9,2023-09,Pantai Pasir Putih Tlangoh,Tempat Umum,5.0
REV004178,ulasan,Pas air pasang,2023-09-23,2023,9,2023-09,Pantai Pasir Putih Tlangoh,Tempat Umum,4.0
REV004179,ulasan,"Datang saat air pasang, pantai tidak terlihat. Langsung batu karang dan laut. Banyak penjual makanan, gazebo, warung. Harga masih oke buat tempat wisata.",2023-09-23,2023,9,2023-09,Pantai Pasir Putih Tlangoh,Tempat Umum,4.0
REV004183,ulasan,"Lihat sunset, pasir putih, pantai bersih, trus dipertahankan kebersihannya, kalo bisa di tingkatkan fasilitasnya",2023-09-23,2023,9,2023-09,Pantai Pasir Putih Tlangoh,Tempat Umum,4.0
REV004189,ulasan,Murah meriah tapi kotor,2023-09-23,2023,9,2023-09,Pantai Pasir Putih Tlangoh,Tempat Umum,3.0
REV004190,ulasan,Bersih pantai nya,2023-09-23,2023,9,2023-09,Pantai Pasir Putih Tlangoh,Tempat Umum,4.0
REV004191,ulasan,toilet sepertinya perlu penambahan. perlu pengawasan ketat untuk area bermain anak2,2023-09-23,2023,9,2023-09,Pantai Pasir Putih Tlangoh,Tempat Umum,5.0
REV004192,ulasan,"Keliatannya bagus di review, tp kalo air pasang, gk bisa turun ke pantainya.",2023-09-23,2023,9,2023-09,Pantai Pasir Putih Tlangoh,Tempat Umum,2.0
REV004193,ulasan,"Pantainya sebenernya bagus banget, cuma pas dateng kesana posisinya air lautnya lagi pasang mungkin karena datengnya terlalu pagi. Banyak tempat duduk dan gazebo buat berteduh. Ada penjual makanan dan minuman juga. Saya sarankan kalo kesini lebih baik sore saja.",2023-09-23,2023,9,2023-09,Pantai Pasir Putih Tlangoh,Tempat Umum,5.0
REV004194,ulasan,"Salah satu keindahan karya ciptaanNya ada di Utara pulau Madura, mohon dijaga kebersihan dan keamanannya",2023-09-23,2023,9,2023-09,Pantai Pasir Putih Tlangoh,Tempat Umum,4.0
REV004195,ulasan,"Sebenarnya bagus, cuman kotor di bibir pantainya banyak sampah",2023-09-23,2023,9,2023-09,Pantai Pasir Putih Tlangoh,Tempat Umum,3.0
REV004197,ulasan,Menurutku agak kotor pantainya.. Cafe nya ada beberapa menu dan lumayan lah.. Pemandangannya lumayan bagus....,2023-09-23,2023,9,2023-09,Pantai Pasir Putih Tlangoh,Tempat Umum,4.0
REV004198,ulasan,"saat kesana pas air lautnya lagi pasang, hujan lagi jadi kurang bisa puas mainnya",2023-09-23,2023,9,2023-09,Pantai Pasir Putih Tlangoh,Tempat Umum,4.0
REV004205,ulasan,Nyaman dan bersih. Pepohonan mohon ditambah. Biar tambah sejuk,2023-09-23,2023,9,2023-09,Pantai Pasir Putih Tlangoh,Tempat Umum,5.0
REV004209,ulasan,"Lebih bagus dari sebelumnya banyak gazebo, tapi harus pesen makan 🤣 Cuma kemarin pas kesana pas air pasang ...",2023-09-23,2023,9,2023-09,Pantai Pasir Putih Tlangoh,Tempat Umum,5.0
REV004214,ulasan,Pantainya bersih dan masih alami . Tp masih kurang sarana pendukung,2023-09-23,2023,9,2023-09,Pantai Pasir Putih Tlangoh,Tempat Umum,5.0
REV004217,ulasan,"Alhamdulillah pantai nya bersih dan penjual makanan nya ramah, harganya murah",2023-09-23,2023,9,2023-09,Pantai Pasir Putih Tlangoh,Tempat Umum,5.0
REV004219,ulasan,"Tempatnya bagus, minus warungnya menunya kurang lengkap + mahal rasa pun kurang srek, kamar mandi bersih banget 👍 🏻 ...",2023-09-23,2023,9,2023-09,Pantai Pasir Putih Tlangoh,Tempat Umum,4.0
REV004221,ulasan,Lumayan bersih cuman kalo kesini mendingan sore hari,2023-09-23,2023,9,2023-09,Pantai Pasir Putih Tlangoh,Tempat Umum,3.0
REV004222,ulasan,"Pantainya bagus, bersih dan masih tahap renovasi dan harga tiket masuknya terjangkau",2023-09-23,2023,9,2023-09,Pantai Pasir Putih Tlangoh,Tempat Umum,4.0
REV004224,ulasan,Tempat bersih rekomendasi deh,2023-09-23,2023,9,2023-09,Pantai Pasir Putih Tlangoh,Tempat Umum,5.0
REV004227,ulasan,"Bagus pantainya. Masih alami. Lumayan bersih. Tiket masuk terjangkau cuma 5000. Cuma sayang ayunan duduknya sudah bnyak yg tdk ada. Jalan masuk ke pantai setelah gapura batu2 besar. Kasihan yg sudah tua atau anak2 harus hati2 banget. Krna kalau smpai jatuh lumayan, 😄 ...",2023-09-23,2023,9,2023-09,Pantai Pasir Putih Tlangoh,Tempat Umum,4.0
REV004232,ulasan,"Pantainya berpasir putih dan relatif bersih. Mudah dijangkau, hanya 1,5jam dr surabaya. Ombak tenang, dan landai. Cukup aman utk ajak anak2 bermain air. Meskonperlu waspada dan hati2",2023-09-23,2023,9,2023-09,Pantai Pasir Putih Tlangoh,Tempat Umum,3.0
REV004237,ulasan,"Harga makanan msh murah,cuman kurang BERSIH..",2023-09-23,2023,9,2023-09,Pantai Pasir Putih Tlangoh,Tempat Umum,1.0
REV004238,ulasan,"Pantainya keren, pasir putih n bersih",2023-09-23,2023,9,2023-09,Pantai Pasir Putih Tlangoh,Tempat Umum,5.0
REV004240,ulasan,"Pantainya bersih, tiket masuk 5k perorang, toilet jg bersih",2023-09-23,2023,9,2023-09,Pantai Pasir Putih Tlangoh,Tempat Umum,5.0
REV004243,ulasan,"Akses masuk dari jalan raya mudah,parkir luas,,murah,bersih,makanannya terjangkau...recomended",2023-09-23,2023,9,2023-09,Pantai Pasir Putih Tlangoh,Tempat Umum,5.0
REV004245,ulasan,"bersih, pasirnya halus dan lembut. fasilitas permainan pantai sip. harga makanan minuman sesuai rasanya yang enak",2023-09-23,2023,9,2023-09,Pantai Pasir Putih Tlangoh,Tempat Umum,5.0
REV004250,ulasan,Bersih & nyaman tapi masih dalam perbaikan jalan masuknya... pemandangan nya bagus ( belum banyak pengunjung ) asyik buat bermain air laut d pinggir pantai,2023-09-23,2023,9,2023-09,Pantai Pasir Putih Tlangoh,Tempat Umum,5.0
REV004256,ulasan,Airnya bersih sekali.... Makanannya juga murah2... Tiket masuk 5rb foto di ayunan 5rb,2023-09-23,2023,9,2023-09,Pantai Pasir Putih Tlangoh,Tempat Umum,5.0
REV004258,ulasan,"Sip pasirnya putih,air pantai bersih",2023-09-23,2023,9,2023-09,Pantai Pasir Putih Tlangoh,Tempat Umum,5.0
REV004260,ulasan,"Pemandangannya sih bagus, tp keganggu sama sampah bekas botol2 miras, botol plastik yg berserakan. Tiket masuk relatif murah cuma 5k per orang, parkir 3k. ...",2023-09-23,2023,9,2023-09,Pantai Pasir Putih Tlangoh,Tempat Umum,3.0
REV004261,ulasan,Pantainya bagus dan bersih,2023-09-23,2023,9,2023-09,Pantai Pasir Putih Tlangoh,Tempat Umum,5.0
REV004262,ulasan,Perlu perawatan dan ditinasi tambahan agar lebih menarik,2023-09-23,2023,9,2023-09,Pantai Pasir Putih Tlangoh,Tempat Umum,4.0
REV004266,ulasan,"Bagus, bersih, warga ramah..",2023-09-23,2023,9,2023-09,Pantai Pasir Putih Tlangoh,Tempat Umum,5.0
REV004271,ulasan,Pas untuk liburan anak-anak. Hanya kurang bersih sedikit.,2022-09-23,2022,9,2022-09,Pantai Pasir Putih Tlangoh,Tempat Umum,5.0
REV004272,ulasan,Bagus dan bersih,2022-09-23,2022,9,2022-09,Pantai Pasir Putih Tlangoh,Tempat Umum,5.0
REV004273,ulasan,Pantainya bagus bersih 👍 ...,2022-09-23,2022,9,2022-09,Pantai Pasir Putih Tlangoh,Tempat Umum,5.0
REV004278,ulasan,"Yap, dari penilaian pribadi bagus lah. View dari pantai bagus dan untuk fasilitas juga lengkap, seperti toilet, musholla, warung, gubuk2 buat santai, ada background buat foto juga. ...",2022-09-23,2022,9,2022-09,Pantai Pasir Putih Tlangoh,Tempat Umum,5.0
REV004279,ulasan,Pantainya masih bersih banget. Nyaman utk bersantai menghibur diri bersama keluarga. Fasilitas penunjang juga cukup lengkap. Josss..,2022-09-23,2022,9,2022-09,Pantai Pasir Putih Tlangoh,Tempat Umum,5.0
REV004281,ulasan,Hari Sabtu jam 15.00 kesini...sepi ..tapi pantai nya bersih... Istrhat di kedai...murah harganya 2jam dari Surabaya... ...,2022-09-23,2022,9,2022-09,Pantai Pasir Putih Tlangoh,Tempat Umum,5.0
REV004282,ulasan,"Indah, bersih dan menyenangkan.",2022-09-23,2022,9,2022-09,Pantai Pasir Putih Tlangoh,Tempat Umum,5.0
REV004284,ulasan,"Pasirnya masih bersih, putih gak terlalu ramai, jadi nyaman bisa nikmati pantai sama anak2. Ombak juga gak terlalu besar. Yang jual makanan banyak, harga juga terjangkau ...",2022-09-23,2022,9,2022-09,Pantai Pasir Putih Tlangoh,Tempat Umum,4.0
REV004285,ulasan,"Tempat tenang,nyaman, bersih,tiket murah, makanan murah manthab , suasana pedesaan, penduduk ramah, westalah....gak nyesel.",2022-09-23,2022,9,2022-09,Pantai Pasir Putih Tlangoh,Tempat Umum,5.0
REV004286,ulasan,"Pantainya bersih, pasirnya putih, ombaknya landai, bagus",2022-09-23,2022,9,2022-09,Pantai Pasir Putih Tlangoh,Tempat Umum,5.0
REV004288,ulasan,"Akses menuju pantai mudah dari jalan raya hanya masuk kurleb 1 km an saja, lahan parkir luas dan aman, tiket 5.000 per orang, pantai cukup bersih, banyak karang, ombak tidak terlalu besar cocok utk anak-anak bermain",2022-09-23,2022,9,2022-09,Pantai Pasir Putih Tlangoh,Tempat Umum,4.0
REV004290,ulasan,"Keren, tapi masih banyak sampah yang berserakan sehingga mengganggu pemandangan...",2022-09-23,2022,9,2022-09,Pantai Pasir Putih Tlangoh,Tempat Umum,4.0
REV004292,ulasan,Bersih dan banyak tempat nongkrong Kulinernya banyak,2022-09-23,2022,9,2022-09,Pantai Pasir Putih Tlangoh,Tempat Umum,5.0
REV004298,ulasan,"Pemerintah kabupaten, seharusnya membantu pengembangan pariwisata ini, pantainya bagus, tp sayang waktu kesana disekitar pantai ada serakan sampah akar2an, seharusnya bisa disejajrkan dgn wisata pantai2 di bali, kalau mau di serius",2022-09-23,2022,9,2022-09,Pantai Pasir Putih Tlangoh,Tempat Umum,3.0
REV004299,ulasan,"Pantainya bagus, Cuman pas kesana lagi pasang air lautnya Jdi tidak bisa Maen air dipantainya",2022-09-23,2022,9,2022-09,Pantai Pasir Putih Tlangoh,Tempat Umum,5.0
REV004304,ulasan,"Pantainya sangat kotor dan kita bahkan bisa duduk tanpa membayar. Saya tahu, mungkin orang-orang di sekitar pantai menghasilkan uang dari pantai itu sendiri. Tapi, apakah perlu? Membayar??",2022-09-23,2022,9,2022-09,Pantai Pasir Putih Tlangoh,Tempat Umum,3.0
REV004305,ulasan,Harga tiket masuk 5k/orang. Parkir mobil 10k. Toilet bersih cuma 2k. Sayang pantainya nggak terawat. Banyak banget warung2 sampai ke pesisir.. area berpasirnya cm 1/2meter dan kotor banyak sampah. Disana cm liat aja langsung balik 😁 . Gak nyaman kalo buat main air dan pasir. Klo skedar buat ngopi its ok lah. ...,2022-09-23,2022,9,2022-09,Pantai Pasir Putih Tlangoh,Tempat Umum,2.0
REV004307,ulasan,"Tempat lumayan terjangkau dari jalan raya, akses jalan lumayan sempit hanya ELF seperti nya, parkir 10k , tickets masuk 5k, air keruh karena bukan termasuk laut dalam",2022-09-23,2022,9,2022-09,Pantai Pasir Putih Tlangoh,Tempat Umum,4.0
REV004309,ulasan,Pantainya agak kotor dan lebih banyak warung2 daripada tempat terbukanya. Pasirnya jg sdh berkurang.,2022-09-23,2022,9,2022-09,Pantai Pasir Putih Tlangoh,Tempat Umum,3.0
REV004317,ulasan,Tempat bagus... Smoga pemda memperhatikan pemeliharaan lingkungan nya agar jd tempat wisata yg sangat bersih .,2022-09-23,2022,9,2022-09,Pantai Pasir Putih Tlangoh,Tempat Umum,5.0
REV004320,ulasan,"Tempatnya bagus tapi didekat pantai nya banyak sampah, kurang dijaga kebersihannya oleh org2 nya",2022-09-23,2022,9,2022-09,Pantai Pasir Putih Tlangoh,Tempat Umum,4.0
REV004321,ulasan,"Kalau berkunjung baiknya pas air lautnya surut, karna kalau pas air pasang kurang seru...",2022-09-23,2022,9,2022-09,Pantai Pasir Putih Tlangoh,Tempat Umum,3.0
REV004322,ulasan,Ke pantai tlangoh jam 7 pagi biaya masuk 10k per orang parkir mobil 10k. Nyesel ngapain ke pantai ini pas airnya pasang jadinya gak ada pasirnya cm bisa duduk di warung doang. Pagi2 buang duit 70k ke sana cuma 10menit aja.,2022-09-23,2022,9,2022-09,Pantai Pasir Putih Tlangoh,Tempat Umum,1.0
REV004323,ulasan,Pantainya masih kotor banyak sampah plastik jadi sepet ngeliatnya 🙏 ...,2022-09-23,2022,9,2022-09,Pantai Pasir Putih Tlangoh,Tempat Umum,5.0
REV004325,ulasan,Nice tapi sayang air nya lagi tinggi 🙂 ...,2022-09-23,2022,9,2022-09,Pantai Pasir Putih Tlangoh,Tempat Umum,5.0
REV004327,ulasan,"Wisata air,di Jawa timur, murah meriah, lumayan bagus",2022-09-23,2022,9,2022-09,Pantai Pasir Putih Tlangoh,Tempat Umum,5.0
REV004336,ulasan,"Pantai pasir putih tlangoh pantai byk batu2 karang nya,lumayan untuk refresh anak2 main pasir dan mencari kerang,sayang kurang terawat,byk sampah2,kalau di perbaharui di rawat akan lbh baik,scr kita jg membayar tiket 5K/org,mobil 10K,selayaknya sudah hrs dirawat biar lbh bagus,n memuaskan wisatawan",2022-09-23,2022,9,2022-09,Pantai Pasir Putih Tlangoh,Tempat Umum,4.0
REV004337,ulasan,"Baru pertama kalinya kesana. Pantai nya berpasir putih, lumayan bersih. Jarak dari surabaya juga cukup dekat. Kesana sewaktu air laut pasang jadi bibir pantai nya sedikit sempit. Kalau lagi surut sepertinya lebih bagus lagi. Cocok untuk ...",2022-09-23,2022,9,2022-09,Pantai Pasir Putih Tlangoh,Tempat Umum,5.0
REV004339,ulasan,- Mulai dari tempat parkir yg kurang pengawasan - Pelayanan Pembelian tiket kurang profesional - Sampah di bibir pantai masih banyak ...,2022-09-23,2022,9,2022-09,Pantai Pasir Putih Tlangoh,Tempat Umum,4.0
REV004340,ulasan,Pantai pasir putih terdekat dari surabaya ... Cocok untuk berendam dan main air laut ...,2022-09-23,2022,9,2022-09,Pantai Pasir Putih Tlangoh,Tempat Umum,4.0
REV004343,ulasan,Dateng pas air pasang jadi gak bisa maen pasir,2022-09-23,2022,9,2022-09,Pantai Pasir Putih Tlangoh,Tempat Umum,4.0
REV004346,ulasan,"Baru nemu ini pantai utara yg pasirnya putih. Recommended banget buat healing, ombaknya juga santai gak takut buat main air. Udah bolak balik kesini gak bosen, nagihh 👍 🏻 ...",2022-09-23,2022,9,2022-09,Pantai Pasir Putih Tlangoh,Tempat Umum,5.0
REV004350,ulasan,"Pantainya asyik buat berenang dan bermain, disekitar pantai banyak warung yang menyediakan berbagai macam makanan dan minuman. Karena air pasang, maka ATV sementara pensiun. Ayunan yang biasanya jadi spot foto, tenggelam coy 😃 😃 😃 ...",2022-09-23,2022,9,2022-09,Pantai Pasir Putih Tlangoh,Tempat Umum,5.0
REV004352,ulasan,Pantainya bersih 😘 😘 ...,2022-09-23,2022,9,2022-09,Pantai Pasir Putih Tlangoh,Tempat Umum,5.0
REV004353,ulasan,"Pantainya bersih, anak2 bisa main2 di pasir, ombak nggak terlalu besar, ada warung dan cafe sederhana, bisa beli makanan sama degan sambil duduk2 di balai, kamar mandi bersih, ada musola kecil... Harga jajanannya juga murah, tiket masuk 5000 parkir 10000, kelihatannya dikelola masyarakat setempat",2022-09-23,2022,9,2022-09,Pantai Pasir Putih Tlangoh,Tempat Umum,5.0
REV004355,ulasan,"Parkir mobil Rp.10k, Tiket masuk /orang Rp.5k Pantai cukup bersih ...",2022-09-23,2022,9,2022-09,Pantai Pasir Putih Tlangoh,Tempat Umum,5.0
REV004360,ulasan,Klo air pasang jd jelek,2022-09-23,2022,9,2022-09,Pantai Pasir Putih Tlangoh,Tempat Umum,3.0
REV004363,ulasan,Bersih dan Murah,2022-09-23,2022,9,2022-09,Pantai Pasir Putih Tlangoh,Tempat Umum,5.0
REV004370,ulasan,"Pertama kalinya saya ke pantai ini, Akhir tahun kmren saya kesini bareng kluarga dari socah bagus sih pantainya cmn jalan setapak pas sesudah pintu masuk nya masih kurang bagus, sampah jarang terlihat, fasilitas lumayan, warung2 juga banyak ...",2022-09-23,2022,9,2022-09,Pantai Pasir Putih Tlangoh,Tempat Umum,4.0
REV004375,ulasan,Cukup bersih dan fasilitas cukup lengkap,2022-09-23,2022,9,2022-09,Pantai Pasir Putih Tlangoh,Tempat Umum,4.0
REV004376,ulasan,"Bagus. Pantai nya luas dan bersih Harga tiket rp.5000/orang, harga makanan minuman mulai rp.5000 Ada persewaan ayunan dan topi untuk foto. Sewa ATV jg ada ...",2022-09-23,2022,9,2022-09,Pantai Pasir Putih Tlangoh,Tempat Umum,4.0
REV004380,ulasan,"pantainya bersih airnya seger banyak warung, ada toiletnya komplit dehh pokoknya",2022-09-23,2022,9,2022-09,Pantai Pasir Putih Tlangoh,Tempat Umum,4.0
REV004384,ulasan,"Kurang terawat. Pasirnya sebagian sudah terkikis, dan sampahnya sangat menggangu pemandangan.",2022-09-23,2022,9,2022-09,Pantai Pasir Putih Tlangoh,Tempat Umum,3.0
REV004389,ulasan,Bersih. Kurang fasilitas untuk anak. Harga di warung tidak dicantumkan . Bisa mengakibatkan beda harga,2022-09-23,2022,9,2022-09,Pantai Pasir Putih Tlangoh,Tempat Umum,5.0
REV004403,ulasan,"pantainya landai, luas, pasir putih, ombak kecil, enak buat anak"" main air. kebersihan perlu ditingkatkan.",2022-09-23,2022,9,2022-09,Pantai Pasir Putih Tlangoh,Tempat Umum,4.0
REV004405,ulasan,"Ini bukan petualangan pantai yang masih perawan... Namun, tempat ini sangat bersih dan indah...",2022-09-23,2022,9,2022-09,Pantai Pasir Putih Tlangoh,Tempat Umum,5.0
REV004409,ulasan,Masih bagus alam nya.. Tanpa polusi kota,2022-09-23,2022,9,2022-09,Pantai Pasir Putih Tlangoh,Tempat Umum,5.0
REV004416,ulasan,"Pantainya bersih meskipun weekend pengunjungnya tidak terlalu ramai, jadi bener2 bisa menikmati gemuruh ombak dengan nyaman dan santai. 😎 😎 😎 ...",2022-09-23,2022,9,2022-09,Pantai Pasir Putih Tlangoh,Tempat Umum,4.0
REV004419,ulasan,"Bagus, cocok untuk main pasir. Buat pengunjung, tolong buang sampah pada tempatnya ya.",2022-09-23,2022,9,2022-09,Pantai Pasir Putih Tlangoh,Tempat Umum,5.0
REV004421,ulasan,"Indah banget,pantai bersih,tiket msk murah & tempatny sepi",2022-09-23,2022,9,2022-09,Pantai Pasir Putih Tlangoh,Tempat Umum,5.0
REV004424,ulasan,Bersih dan nyaman,2022-09-23,2022,9,2022-09,Pantai Pasir Putih Tlangoh,Tempat Umum,4.0
REV004432,ulasan,"Pantainya bersih.. bagus.. sayang sampai sini mau gelap jadi hanya sebentar padahal dijalan lumayan jauh dr surabaya 3 jam. Kesini pakai bis besar juga terhambat karena jalannya sempit, pulangnya ada truk mogok jadi harus menunggu 2 jam. Lebih baik pakai bis kecil atau mobil biasa.",2022-09-23,2022,9,2022-09,Pantai Pasir Putih Tlangoh,Tempat Umum,5.0
REV004433,ulasan,Pantainya bersih.. Htm murah meriah only 5rb parkir motor 2rb .. Harga makanan terjangkau.. Cocok buat refreshing bersama kluarga..,2022-09-23,2022,9,2022-09,Pantai Pasir Putih Tlangoh,Tempat Umum,5.0
REV004434,ulasan,pantai yg bersih dan air yg tenang,2022-09-23,2022,9,2022-09,Pantai Pasir Putih Tlangoh,Tempat Umum,5.0
REV004436,ulasan,"Pantainya indah dan bersih. tapi saran, kalau mau naik kayak kursi bunga, mending liat2 dulu posisinya di warung mana. Karena kemarin pas kesana duduk di kursi lain, biasa2 aja tapi pas sudah foto langsung muncul dan dimintai 5rb. Apalagi dibatasi juga 5 menitan kalo ga salah.",2022-09-23,2022,9,2022-09,Pantai Pasir Putih Tlangoh,Tempat Umum,5.0
REV004437,ulasan,Pantai dengan pasir putih. Pemandangan nya bagus. Ada makanan dan toilet nya juga. ...,2022-09-23,2022,9,2022-09,Pantai Pasir Putih Tlangoh,Tempat Umum,4.0
REV004439,ulasan,"Pantai yang lumayan nyaman, tempatnya bersih dan lumayan untuk menghabiskan waktu bersama keluarga dan bersantai",2022-09-23,2022,9,2022-09,Pantai Pasir Putih Tlangoh,Tempat Umum,5.0
REV004440,ulasan,"Pasir nya putih pmandangan air laut yg biru, pas banget buat berlibur, mandi ke tengah laut, makanan banyak pilihan harga terjangkau",2022-09-23,2022,9,2022-09,Pantai Pasir Putih Tlangoh,Tempat Umum,5.0
REV004444,ulasan,"Pantainya agak jauh dari kota Surabaya, sekitar 2,5 jam. Ada banyak warung di sekitar pantai yang menyediakan es kelapa, ikan bakar, dll. Toilet umum cukup bersih, dan mereka juga menyediakan mushola. ...",2022-09-23,2022,9,2022-09,Pantai Pasir Putih Tlangoh,Tempat Umum,4.0
REV004446,ulasan,"Tempatnya bersih, pemandangannya bagus tapi sayang toiletnya kadang g ada airnya 🤭 ...",2022-09-23,2022,9,2022-09,Pantai Pasir Putih Tlangoh,Tempat Umum,5.0
REV004448,ulasan,"Nikmat Allaah yg sangat melimpah ruah, 😍 🤗 pantainya masih asri dan bersih, blom trcemari smpah"", smoga sllu trjaga dan smakin bagus lalgi, ...",2022-09-23,2022,9,2022-09,Pantai Pasir Putih Tlangoh,Tempat Umum,4.0
REV004451,ulasan,"Pantainya bersih, harga makanannya untuk kelas tempat wisata juga masih masuk akal. Toilet juga lumayan bersih. ...",2022-09-23,2022,9,2022-09,Pantai Pasir Putih Tlangoh,Tempat Umum,4.0
REV004453,ulasan,"Pantai pasir putih, masih alami. Berkunjung pada hari sabtu adalah pilihan terbaik, karena tidak begitu ramai. Tersedia toilet yang bersih (berbayar) juga penjual makanan dan minuman.",2022-09-23,2022,9,2022-09,Pantai Pasir Putih Tlangoh,Tempat Umum,5.0
REV004454,ulasan,"Lokasi mmg lumayan jauh dari kota Bangkalan. Pasirnya putih lumayan bersih, selfi spot lumayan, sarana jajanan jg tersedia. Kata temen mending kesini pas bulan Agustus s/d Desember klo awal tahun ampe dekat tengah tahun pantai alami abrasi..., pasirnya hilang ketarik ombak..",2022-09-23,2022,9,2022-09,Pantai Pasir Putih Tlangoh,Tempat Umum,4.0
REV004457,ulasan,Bagus dan masih bersih,2022-09-23,2022,9,2022-09,Pantai Pasir Putih Tlangoh,Tempat Umum,5.0
REV004460,ulasan,"Terima Kasih pak Klebun Tlangoh, Pantai yg Indah, Jamuan yg Enak, Pemandangan yg Segar dan Tempat yang bersih... ...",2022-09-23,2022,9,2022-09,Pantai Pasir Putih Tlangoh,Tempat Umum,5.0
REV004474,ulasan,Kebersihan tlong dtingkatkan.pelyanan nya juga untuk tmpt ambik mkan agar pekerja kebih giat lagi. Jgan klemer2 di kfc juga antri tpi klihatan semngat pekerjax.dlhat dri cara jalanx klihatan gak cekatan.kyag model ae jlane,2021-09-23,2021,9,2021-09,Pantai Pasir Putih Tlangoh,Tempat Umum,3.0
REV004475,ulasan,Bagus bgt buat jln2 pantai ny bersih,2021-09-23,2021,9,2021-09,Pantai Pasir Putih Tlangoh,Tempat Umum,5.0
REV004477,ulasan,"Fasilitas bagus, toilet bersih, tempat parkir, tempat makan dan minum. Sebaiknya datang sekitar jam 11-12 malam untuk melihat air surut.",2021-09-23,2021,9,2021-09,Pantai Pasir Putih Tlangoh,Tempat Umum,4.0
REV004486,ulasan,Bersih dan tenang...,2021-09-23,2021,9,2021-09,Pantai Pasir Putih Tlangoh,Tempat Umum,5.0
REV004487,ulasan,Mantap air'a jg jernih ombak'a pas buat berenang pasilitas lengkap . Bagus dah,2021-09-23,2021,9,2021-09,Pantai Pasir Putih Tlangoh,Tempat Umum,5.0
REV004490,ulasan,Gak usah jauh jauh ke bali kalau mau cari pantai pasir putih yang bersih. Cukuo di pantai selatan Tlango bangkalan MADURA,2021-09-23,2021,9,2021-09,Pantai Pasir Putih Tlangoh,Tempat Umum,5.0
REV004491,ulasan,Tempat bersih enak buat konkow,2021-09-23,2021,9,2021-09,Pantai Pasir Putih Tlangoh,Tempat Umum,5.0
REV004493,ulasan,Banyak sumber air yang keluar disana... Menyenangkan,2021-09-23,2021,9,2021-09,Pantai Pasir Putih Tlangoh,Tempat Umum,5.0
REV004496,ulasan,Bagus sebenernya.. cuman kotor banyak sampah,2021-09-23,2021,9,2021-09,Pantai Pasir Putih Tlangoh,Tempat Umum,4.0
REV004505,ulasan,"Pantai bagus, bersih dan fasilitas lumayan lengkap.. seru sekali bermain ATV",2021-09-23,2021,9,2021-09,Pantai Pasir Putih Tlangoh,Tempat Umum,5.0
REV004513,ulasan,"Air pantainya cokelat/agak kotor, banyak tempat makan di sekitar pantai, ada ayunannya, ada sewa atv juga, biaya parkirnya 10.000 dan tempat parkirnya lumayan luas, tetapi sayangnya juga terdapat banyak sampah di sekitar pantai semoga kedepannya lebih diperhatikan.",2021-09-23,2021,9,2021-09,Pantai Pasir Putih Tlangoh,Tempat Umum,2.0
REV004522,ulasan,"Tempatmya lumayan bagus.. sayangnya agak sedikit kotor, perlu sentuhan pemda setempat untuk pengembangnnya dan makanannya murah-murah..",2021-09-23,2021,9,2021-09,Pantai Pasir Putih Tlangoh,Tempat Umum,3.0
REV004531,ulasan,Tempatnya sudah tidak dirawat...,2022-09-23,2022,9,2022-09,Bukit Lampion Beramah,Tempat Umum,1.0
REV004547,ulasan,"Tempat nya bersih , free wifi pula 😊 ...",2020-09-23,2020,9,2020-09,Bukit Lampion Beramah,Tempat Umum,5.0
REV004561,ulasan,"Tidak terawat, mulai kumuh",2020-09-23,2020,9,2020-09,Bukit Lampion Beramah,Tempat Umum,1.0
REV004563,ulasan,Bagus Spot Fotonya cuma perlu ditambah paving atau cor jalan setapaknya agar tdk becek,2020-09-23,2020,9,2020-09,Bukit Lampion Beramah,Tempat Umum,4.0
REV004595,ulasan,"Baguss klo pinter ambil gambar, cuman kurang perawatan aja... Dan ini menurut saya merupakan gerbakan baru untuk dserah bangkalan karena ada wisata semacam ini yang bisa ambil gambar ala2 dimalang 😆 ...",2019-09-23,2019,9,2019-09,Bukit Lampion Beramah,Tempat Umum,4.0
REV004598,ulasan,Indah. Tempatnya dirawat. Banyak tempat buat foto2.siip pokoknya,2019-09-23,2019,9,2019-09,Bukit Lampion Beramah,Tempat Umum,5.0
REV004637,ulasan,tempat wisata baru...enak masih murah dan sepi buat foto gk perlu antri lama.. cuma perlu lebih di jaga kebersihannya,2018-09-23,2018,9,2018-09,Bukit Lampion Beramah,Tempat Umum,4.0
REV004644,ulasan,Klo hujan jalan nya becek susah buat naik ke atas nya,2018-09-23,2018,9,2018-09,Bukit Lampion Beramah,Tempat Umum,2.0
REV004661,ulasan,"tempat spot foto baru di atas bukit daerah bangkalan madura,,jalan nya satu arah dengan air terjun 3 tingkat.dijamin gak nyesel datang ke tempat ini",2017-09-23,2017,9,2017-09,Bukit Lampion Beramah,Tempat Umum,5.0
REV004664,ulasan,Tempatnya ga bagus pasirnya kurang alus.. Pantainya kurang bersih... Kemana ini???!,2017-09-23,2017,9,2017-09,Bukit Lampion Beramah,Tempat Umum,5.0
REV004670,ulasan,"Masjid Agung Bangkalan selalu menjadi tempat singgah yang sangat nyaman setiap kali berkunjung atau melintasi Bangkalan. Lokasinya sangat strategis, tepat di sebelah barat Alun-Alun Bangkalan, sehingga sangat mudah ditemukan. Begitu masuk ke area utama salat, suasananya terasa begitu adem, tenang, dan bersih. Karpetnya terawat dengan baik dan sirkulasi udara di dalam ruangan sangat lega, membuat ibadah terasa lebih khusyuk. Arsitektur bangunannya megah dengan perpaduan nuansa klasik dan modern yang indah. Fasilitas umum di sini juga sangat memadai: Tempat Wudu & Toilet: Jumlah kran air cukup banyak, alirannya deras, serta area toilet pria dan wanita terpisah dan terjaga kebersihannya. Area Parkir: Halaman parkir cukup luas untuk motor, mobil pribadi, hingga kendaraan rombongan. Akses keluar-masuk kendaraan juga teratur. Akses & Sekitar: Sangat dekat dengan pusat kuliner sekitar alun-alun, cocok bagi musafir yang ingin beristirahat sejenak setelah beribadah. Sangat direkomendasikan bagi siapa saja, baik warga lokal maupun peziarah dan musafir yang membutuhkan tempat salat sekaligus istirahat yang tenang di Pulau Madura.",2026-09-02,2026,9,2026-09,Masjid Agung Bangkalan,Tempat Umum,5.0
REV004671,ulasan,"Masjid Agung Bangkalan merupakan salah satu ikon kebanggaan masyarakat Bangkalan. Suasananya nyaman, bersih, dan tenang, sangat cocok untuk beribadah sekaligus menenangkan hati. Arsitekturnya indah dan megah, terutama saat dipandang dari luar. Lokasinya strategis dan mudah dijangkau. Semoga Masjid Agung Bangkalan selalu makmur, terawat, dan menjadi pusat kegiatan keagamaan bagi masyarakat.",2026-08-23,2026,8,2026-08,Masjid Agung Bangkalan,Tempat Umum,5.0
REV004676,ulasan,"Musafir bisa tidur disini, di bagian luar masjid (deket pintu depan kanan kiri), ikhwan akhwat dipisah, tinggal izin sama satpam dan serahin KTP aja. jangan lupa pake autan atau krim anti nyamuk yaa",2026-08-23,2026,8,2026-08,Masjid Agung Bangkalan,Tempat Umum,5.0
REV004677,ulasan,"Masjid Agung Bangkalan sangat megah dan penuh kedamaian. Arsitekturnya indah, lokasinya strategis di pusat kota, serta areanya selalu bersih terawat. Suasananya sejuk dan nyaman untuk ibadah. Destinasi religi Madura yang wajib dikunjungi!",2026-07-23,2026,7,2026-07,Masjid Agung Bangkalan,Tempat Umum,5.0
REV004679,ulasan,"Masjid yg sangat ramah pelancong. Adem banget ubinnya. Anginnya sepoi-sepoi. Sangat nyaman istirahat dan mandi di sini. Masjid yg sgt terawat, semuanya bersih. Minusnya hanya air di bak mandi tdk terlalu jernih agak kuning gitu mgkin memang kualitas airnya begitu. 📍 alun2 bangkalan",2026-07-23,2026,7,2026-07,Masjid Agung Bangkalan,Tempat Umum,5.0
REV004680,ulasan,Penataan masjid kurang bersih dan kurang indah di pandang.... Terutama tempat wudhu dan toilet kurang bersih,2026-06-23,2026,6,2026-06,Masjid Agung Bangkalan,Tempat Umum,5.0
REV004681,ulasan,"Masjid yang berdiri sejak 200 tahunan yang lalu. Masjidnya luas, dan bersih. Tempat wudhunya juga terawat. Parkiran luas, bisa menampung banyak mobil dan motor.",2026-06-23,2026,6,2026-06,Masjid Agung Bangkalan,Tempat Umum,5.0
REV004692,ulasan,"Lokasi mudah dijangkau di pusat kota bangkalan, masjid yg indah nan nyaman menghadap alun2 kota, parkir luas dan jukirnya sopan serta ramah, tempat ibadahnya bersih dan luas bikin kerasan iktikaf, serta tempat wuduk dan buang air kecil yg terpisah menambah kesakralan suasana Masjid... Saran baiknyap jalan penghubung antara tempat wudhu dan kamar kecil/ mandi dibuatkan kanopi / atap agar pengunjung tdk kehujanan ato harus balik ke teras masjid baru masuk kamar keciladan ato sebaliknya Maaf tdk sempat ambil dokumentasi",2026-04-23,2026,4,2026-04,Masjid Agung Bangkalan,Tempat Umum,5.0
REV004699,ulasan,"Saya berkunjung ke Masjid Agung Bangkalan pada malam hari, dan suasananya terasa sangat tenang sekaligus menenangkan. Pencahayaan di area masjid terlihat indah dan membuat bangunan tampak megah, terutama di bagian depan dengan pilar-pilar yang kokoh. Area masjid cukup luas dan bersih, sehingga nyaman untuk beribadah maupun sekadar beristirahat sejenak. Akses masuk juga tertata rapi dengan tangga yang lebar, serta fasilitas yang cukup memadai untuk jamaah. Yang saya rasakan paling berkesan adalah suasana khusyuk dan damai, cocok untuk yang ingin menenangkan diri atau beribadah dengan lebih fokus. Lokasinya juga strategis dan mudah dijangkau. Saran, jika berkunjung di malam hari, tetap menjaga ketenangan dan kebersihan agar suasana nyaman ini tetap terjaga untuk semua pengunjung. Overall, Masjid Agung Bangkalan adalah tempat ibadah yang nyaman, bersih, dan memiliki nilai estetika yang tinggi, sangat recommended untuk dikunjungi.",2026-03-23,2026,3,2026-03,Masjid Agung Bangkalan,Tempat Umum,5.0
REV004700,ulasan,Ornamen kayunya keren.. Kamar mandi bersih,2026-03-23,2026,3,2026-03,Masjid Agung Bangkalan,Tempat Umum,5.0
REV004701,ulasan,Tempat wudhu nyaman dan bersih,2026-03-23,2026,3,2026-03,Masjid Agung Bangkalan,Tempat Umum,5.0
REV004707,ulasan,"Masjid Agung Bangkalan: suci, bersih, di dalam masjid sejuk, tenang, nyaman, dan khusyuk untuk beribadah.",2026-02-23,2026,2,2026-02,Masjid Agung Bangkalan,Tempat Umum,5.0
REV004708,ulasan,Bagus Rapi Bersih,2026-01-23,2026,1,2026-01,Masjid Agung Bangkalan,Tempat Umum,5.0
REV004711,ulasan,Mesjidnya bersih rapi suasananya adem juga Sering dipakai untuk acara akad. Di bagian belakang ada pesarean makam Sultan Abdul Kadirun. Terbuka untuk umum juga,2025-12-23,2025,12,2025-12,Masjid Agung Bangkalan,Tempat Umum,5.0
REV004720,ulasan,Masjid agung bangkalan bersih,2025-11-23,2025,11,2025-11,Masjid Agung Bangkalan,Tempat Umum,5.0
REV004722,ulasan,"Masjidnya besar, dan bersih. Bisa untuk mandi juga. Namun kekuragannya sulit mencari stop kontak, jadi bagi saya sbg musafir jadi gabisa cas HP. Ada galon/dispenser air namun sayangnya semua kosong",2025-10-23,2025,10,2025-10,Masjid Agung Bangkalan,Tempat Umum,4.0
REV004724,ulasan,Masjid yang cukup tua. Hampir tidak ada perubahan/renovasi sejak puluhan tahun lalu. Perawatan dan kebersihannya agak kurang.,2025-10-23,2025,10,2025-10,Masjid Agung Bangkalan,Tempat Umum,3.0
REV004725,ulasan,"Sangat nyaman, Toilet bersih, Ibadah sangat tenang",2025-10-23,2025,10,2025-10,Masjid Agung Bangkalan,Tempat Umum,4.0
REV004729,ulasan,"Sekedar saran aja ,biar lantai depan dan sampingnya nya tidak panas kalo siang hari. Lantai nya jangan pake marmer warna gelap ,kasih yang terang. Contohlag Masjid Agung Jember, Atau kalo tidak kasih peneduh. Atau contoh masjid Agung Malang yang ,lantai marmer nya dialiri air. Atau kasih Pohon peneduh. Kayak Masjid Agung Sidoarjo. Banyak cara ,bok ya di pikirkan. Juga tempat wudhu kok tidak representatif sekali. Orang kalok tidak tahu bakal naik turun tangga, kasian yang sudah sepuh. Saya baru pertama kali ke masjid yang Tempat wudhunya tidak mendukung kemudahan jamaah. Semua masjid biasanya jelas dan mudah dijangkau tempat wudhunya.",2025-10-23,2025,10,2025-10,Masjid Agung Bangkalan,Tempat Umum,5.0
REV004732,ulasan,"Masjid persis di seberang alun-alun Bangkalan Arsitekturnya masyaAllah sekali, perkayuan n beberapa jendelanya yg otentik Karpet nya cukup bersih, harum Unfortunatelly, toiletnya kurang terjaga kebersihannya Lantai sedikit berlumut n agak remang-remang (kurang pencahayaan) Area parkir cukup luas, pengelola masjid juga ramah",2025-09-23,2025,9,2025-09,Masjid Agung Bangkalan,Tempat Umum,5.0
REV004739,ulasan,Masjid ini merupakan masjid terdekat dari alun-alun Bangkalan. Masjid nya besar dan bagus. Ada dua menara di depannya. Kamar mandi dan tempat wudhunya bersih. Arsitektur bangunannya menarik. Di dalamnya luas dan adem. Nyaman untuk beribadah.,2025-09-23,2025,9,2025-09,Masjid Agung Bangkalan,Tempat Umum,5.0
REV004740,ulasan,Luas dan bersih,2025-09-23,2025,9,2025-09,Masjid Agung Bangkalan,Tempat Umum,5.0
REV004742,ulasan,Tempatnya bersih Dan luaaaas banget wee 🤣,2025-09-23,2025,9,2025-09,Masjid Agung Bangkalan,Tempat Umum,5.0
REV004747,ulasan,"Turun dari halte bis bisa jln kaki langsung untuk menuju masjid agung. Tempat parkir luas, tempat wudhu bersih. Tempat sholat wanita cukup nyaman",2025-09-23,2025,9,2025-09,Masjid Agung Bangkalan,Tempat Umum,5.0
REV004749,ulasan,"Masjid agung Bangkalan sebuah masjid agung utama yang ada di kota Bangkalan Madura, bertempat di pusat kota bangkalan, Masjid agung Bangkalan merupakan tempat ibadah umat islam dan tempat pemberhentian orang dari berbagai daerah yang ingin mengunjungi kota Bangkalan. Fasilitas meliputi parkiran luas, toilet dan tempat wudhu laki-laki dan perempuan yang banyak. Namun sangat di sayangkan Sebuah Masjid agung terbesar jikalau sudah di atas jam 9 pintu pagar tertutup rapat, hal ini menjadi nilai minus tersendiri dimana sebuah icon tempat ibadah yang harusnya 24 jam terbuka. Sungguh sangat disayangkan",2025-09-23,2025,9,2025-09,Masjid Agung Bangkalan,Tempat Umum,3.0
REV004751,ulasan,Masjid ini cukup besar. Tempat wudhunya bersih. Ada wcnya juga bersih. Lokasinya depan alun alun Bangkalan. Di sisi baratnya dari masjid ada komplek pemakaman.,2025-09-23,2025,9,2025-09,Masjid Agung Bangkalan,Tempat Umum,5.0
REV004758,ulasan,"Masjidnya nyaman, bersih, enak buat transit istirahat tiduran di selasar nya. Kalau ngga masuk waktu sholat, bagian ruang utama nya kipasnya dimatiin, agak sayang banget padahal masih ada yang sholat sunnah, agak panas kalau dimatikan. Tapi bagian luar nya enak angin sepoi2",2025-09-23,2025,9,2025-09,Masjid Agung Bangkalan,Tempat Umum,5.0
REV004759,ulasan,"Masjid Agung Bangkalan tidak hanya dikenal karena arsitekturnya yang identik dengan kayu, tetapi juga fasilitas yang mendukung kenyamanan para jamaah. Salah satunya adalah keberadaan perpustakaan di dalam kompleks masjid, yang menyediakan ruang bagi pengunjung untuk menambah wawasan keagamaan melalui berbagai koleksi buku. Masjid ini juga memiliki area parkir yang luas, memudahkan jamaah untuk membawa kendaraan pribadi tanpa khawatir kesulitan mencari tempat parkir. Ruang utama masjid dilengkapi dengan karpet yang menambah kenyamanan saat beribadah, meskipun karpet tersebut sudah cukup tua dan terasa keras serta agak berdebu. Selain itu, meskipun masjid ini cukup luas dan nyaman, fasilitas pendingin udara berupa AC tidak tersedia, hanya dilengkapi kipas angin untuk membantu sirkulasi udara. Suasana di masjid semakin terasa khas dengan adanya bedug yang digunakan dalam berbagai kegiatan keagamaan, memberikan nuansa tradisional yang khas. Secara keseluruhan, Masjid Agung Bangkalan merupakan tempat yang nyaman dan menyenangkan untuk beribadah, meskipun beberapa fasilitas perlu perhatian lebih agar dapat lebih optimal.",2025-09-23,2025,9,2025-09,Masjid Agung Bangkalan,Tempat Umum,5.0
REV004762,ulasan,Masjid yg megah. Lokasi di tengah kota dan sangat mudah dijangkau dari berbagai arah. Fasilitas lengkap. Masjidnya bersih dengan karpet tebal.,2025-09-23,2025,9,2025-09,Masjid Agung Bangkalan,Tempat Umum,5.0
REV004763,ulasan,Masjid yg indah bersih menyenangkan nyaman,2025-09-23,2025,9,2025-09,Masjid Agung Bangkalan,Tempat Umum,5.0
REV004768,ulasan,Masjid nyaman. Bersih. Saat kelokasi kami jam 16.00 . Parkir cukup nyaman.,2025-09-23,2025,9,2025-09,Masjid Agung Bangkalan,Tempat Umum,5.0
REV004770,ulasan,Bersih dan tenang,2025-09-23,2025,9,2025-09,Masjid Agung Bangkalan,Tempat Umum,5.0
REV004771,ulasan,"Destinasi wisata religi madura, masjid agung bangkalan, dibelakang masjid terdapat makam wali Sultan kadirun Masjidnya bersih, besar dan megah Makamnya bersih dan masih bersejarah",2025-09-23,2025,9,2025-09,Masjid Agung Bangkalan,Tempat Umum,5.0
REV004773,ulasan,"Masjid dengan bangunan lama, bagus, bersih, patut jadi tujuan kunjungan dan ibadah.",2025-09-23,2025,9,2025-09,Masjid Agung Bangkalan,Tempat Umum,5.0
REV004779,ulasan,Bagus bersih. Terletak di depan alun2. Yang dari luar kota ada bis trans jatim koridor 5 yg berhenti tepat di halte depan masjid,2025-09-23,2025,9,2025-09,Masjid Agung Bangkalan,Tempat Umum,5.0
REV004780,ulasan,"Luasss sekali, bersih dan nyaman, tinggal ditingkatkan lagi untuk pengaturan suhu di dalam masjid karena kurang sejuk",2025-09-23,2025,9,2025-09,Masjid Agung Bangkalan,Tempat Umum,5.0
REV004783,ulasan,Tempat wudhu bnyak dan fasilitas mck bersih bisa mandi jg,2025-09-23,2025,9,2025-09,Masjid Agung Bangkalan,Tempat Umum,5.0
REV004786,ulasan,Kamar mandinya kurang bersih,2025-09-23,2025,9,2025-09,Masjid Agung Bangkalan,Tempat Umum,4.0
REV004797,ulasan,Masjid bersih dan luas,2024-09-23,2024,9,2024-09,Masjid Agung Bangkalan,Tempat Umum,5.0
REV004800,ulasan,"Luas, bersih, strategis dan nyaman",2024-09-23,2024,9,2024-09,Masjid Agung Bangkalan,Tempat Umum,5.0
REV004805,ulasan,Masjid yang sangat indah. Lingkungannya sangat bersih.,2024-09-23,2024,9,2024-09,Masjid Agung Bangkalan,Tempat Umum,5.0
REV004807,ulasan,"Masjid dalamnya luas & meski non AC, aliran sirkulasi udara dibuka sebesar-besarnya, air di toiletnya keruh & berpasir.",2024-09-23,2024,9,2024-09,Masjid Agung Bangkalan,Tempat Umum,4.0
REV004809,ulasan,"Masjid luas, megah dan bersih. Sanagat nyaman beribadah di sini.",2024-09-23,2024,9,2024-09,Masjid Agung Bangkalan,Tempat Umum,5.0
REV004819,ulasan,Masjidnya nyaman untuk beribadah. Sayang kurang dirawat dan mulai kotor.,2024-09-23,2024,9,2024-09,Masjid Agung Bangkalan,Tempat Umum,5.0
REV004820,ulasan,Tempat wudhu dan kamar mandi perempuan bersih. Overall bersih masjidnya. Tersedia alat sholat dan Alquran untuk umum. ...,2024-09-23,2024,9,2024-09,Masjid Agung Bangkalan,Tempat Umum,4.0
REV004827,ulasan,Masjid dengan arsitektur yang khas dengan ukiran kayu.. Tempat wudhu juga bersih.. Letaknya sangat strategis dengan alun-alun Bangkalan..,2024-09-23,2024,9,2024-09,Masjid Agung Bangkalan,Tempat Umum,4.0
REV004832,ulasan,✨ Masyaallah Tabarakallah Alhamdulillah bisa kesini bersama suami ❣ ️ ✨ Parkir luas ✨ Nyaman ✨ Bersih,2024-09-23,2024,9,2024-09,Masjid Agung Bangkalan,Tempat Umum,5.0
REV004839,ulasan,"Masjidny besar,toilet bersih halaman parkir cukup luas biasa solat disini klo lagi bepergian",2023-09-23,2023,9,2023-09,Masjid Agung Bangkalan,Tempat Umum,5.0
REV004844,ulasan,"masjid yang dapat digunakan sesuai jam sholat wajib, kadang kadang digunakan untuk ijab kabul..dan cukup luas tempatnya. cukup baim kebersihan tempat wudhunya",2023-09-23,2023,9,2023-09,Masjid Agung Bangkalan,Tempat Umum,4.0
REV004846,ulasan,"Masjid yang besar, bersih, dan luas. Tersedia banyak tempat parkir sepeda motor.",2023-09-23,2023,9,2023-09,Masjid Agung Bangkalan,Tempat Umum,5.0
REV004856,ulasan,"Bagus,bersih,mukena juga gk bauk 👍 🏻 ...",2023-09-23,2023,9,2023-09,Masjid Agung Bangkalan,Tempat Umum,5.0
REV004858,ulasan,"Masjid yang indah sekali. Arsitektur khas Madura dengan banyak pilar dari kayu jati yang Kokok. Memasuki ruang tengah masjid serasa ada angin yang berhembus di antara jendela. Masjidnya yg bersih. Tollet, kamar kecil dan kamar mandi juga bersih. Airnya juga segar. Parkiran juga luas. Sholat dhuhur disini terasa hati jadi tenang.",2023-09-23,2023,9,2023-09,Masjid Agung Bangkalan,Tempat Umum,5.0
REV004861,ulasan,Sebuah masjid yang indah dan bersih.,2023-09-23,2023,9,2023-09,Masjid Agung Bangkalan,Tempat Umum,3.0
REV004863,ulasan,Luas dan bersih Tempatnya pas di tengah kota jadi mudh diakses,2023-09-23,2023,9,2023-09,Masjid Agung Bangkalan,Tempat Umum,5.0
REV004864,ulasan,Parkir luas masjid bersih 👍 👍 👍 ...,2023-09-23,2023,9,2023-09,Masjid Agung Bangkalan,Tempat Umum,5.0
REV004867,ulasan,Masjid yg sangat megah dikota Bangkalan..... Alhamdulillah masjidx bersih dan bagus sekali...,2023-09-23,2023,9,2023-09,Masjid Agung Bangkalan,Tempat Umum,5.0
REV004869,ulasan,"Masjid yang luas dan nyaman, parkirannya juga luas, untuk motor dan juga mobil, toiletny jg lumayan bersih",2023-09-23,2023,9,2023-09,Masjid Agung Bangkalan,Tempat Umum,5.0
REV004870,ulasan,"Nyaman, bersih dan tenang",2023-09-23,2023,9,2023-09,Masjid Agung Bangkalan,Tempat Umum,5.0
REV004889,ulasan,Kamar mandi kurang bersih. Klo bisa lebih dijaga krn masjid ini termasuk masjid besar.,2023-09-23,2023,9,2023-09,Masjid Agung Bangkalan,Tempat Umum,4.0
REV004891,ulasan,Bersih dan nyaman,2023-09-23,2023,9,2023-09,Masjid Agung Bangkalan,Tempat Umum,5.0
REV004892,ulasan,Bersih banget toilet dan tempat wudhunya,2023-09-23,2023,9,2023-09,Masjid Agung Bangkalan,Tempat Umum,5.0
REV004893,ulasan,Bersih dan nyaman,2023-09-23,2023,9,2023-09,Masjid Agung Bangkalan,Tempat Umum,5.0
REV004895,ulasan,"Masjid di pinggir jalan, bersebrangan dengan taman dan alun-alun. Tempat wudhu, wc nya bersih",2023-09-23,2023,9,2023-09,Masjid Agung Bangkalan,Tempat Umum,4.0
REV004902,ulasan,Masjid luas & bersih Parkiran luas Toilet banyak,2023-09-23,2023,9,2023-09,Masjid Agung Bangkalan,Tempat Umum,5.0
REV004906,ulasan,"Mwajid di tengah kota Bangkalan,arsitektur bagus,antique,luas,bersih,namun parkirannya agak sempit yam",2023-09-23,2023,9,2023-09,Masjid Agung Bangkalan,Tempat Umum,4.0
REV004925,ulasan,"Fasilitas bagus, kamar mandi , wc , masjid, makam terawat dan bersih",2022-09-23,2022,9,2022-09,Masjid Agung Bangkalan,Tempat Umum,5.0
REV004933,ulasan,"Tingkatkan kebersihannya, terutama alun2nya.",2022-09-23,2022,9,2022-09,Masjid Agung Bangkalan,Tempat Umum,4.0
REV004937,ulasan,"Parkiran luas, masjid luas, lumayan bersih, ada toilet dan tempat wudhu, ada post satpam.",2022-09-23,2022,9,2022-09,Masjid Agung Bangkalan,Tempat Umum,5.0
REV004941,ulasan,"Terletak di pusat kota Bangkalan, Alhamdulillah bisa sholat disini, letak strategis, bersih, arsitekturnya bagus",2022-09-23,2022,9,2022-09,Masjid Agung Bangkalan,Tempat Umum,5.0
REV004944,ulasan,"Masjid kuno ikon kota bangkalan, konon ada salah satu tiang kayu Jati yg disambung menggunakan sorban. Tp selain itu masjid ini benar2 mengikuti tataruang pola era walisongo. Dimana kanan kiri ada kolam air. Berhadapan dengan alun2 dan ...",2022-09-23,2022,9,2022-09,Masjid Agung Bangkalan,Tempat Umum,5.0
REV004952,ulasan,"Masjid yang luar biasa, peninggalan Kiyai Saikonakolil .... Air yg dipakai wudlu dingin, suasana dalam masjid sejuk, walau dialtar masjid Panas luar biasa",2022-09-23,2022,9,2022-09,Masjid Agung Bangkalan,Tempat Umum,5.0
REV004955,ulasan,Masjid nya bersih,2022-09-23,2022,9,2022-09,Masjid Agung Bangkalan,Tempat Umum,5.0
REV004957,ulasan,"bagus,besar, toilet dan tempat wudhu terpisah dan bersih...",2022-09-23,2022,9,2022-09,Masjid Agung Bangkalan,Tempat Umum,5.0
REV004959,ulasan,"Mantap,. Masjid megah, namun disisi lain toilet nya bau, butuh solusi utk mengatasi bau tdk sedap mengingat banyaknya pengunjung yg datang silih berganti,.",2022-09-23,2022,9,2022-09,Masjid Agung Bangkalan,Tempat Umum,5.0
REV004961,ulasan,Sangat nyaman dan bersih,2022-09-23,2022,9,2022-09,Masjid Agung Bangkalan,Tempat Umum,5.0
REV004965,ulasan,"Tempat strategis, bersihkan nyaman adem. Alhamdulillah area parkir luas",2022-09-23,2022,9,2022-09,Masjid Agung Bangkalan,Tempat Umum,5.0
REV004968,ulasan,"Masjidnya masyaallah bagus banget, kokoh, bersih dan fasilitasnya juga bagus",2022-09-23,2022,9,2022-09,Masjid Agung Bangkalan,Tempat Umum,5.0
REV004969,ulasan,"Bersih, luas, adem",2022-09-23,2022,9,2022-09,Masjid Agung Bangkalan,Tempat Umum,5.0
REV004974,ulasan,"Masjid bersih, adem. Dan yg paling disuka unik dan jarang ad dimasjid"" pada umumnya. Tempat cuci kaki sebelum naik keatas masjid. Jadi waswas lg",2022-09-23,2022,9,2022-09,Masjid Agung Bangkalan,Tempat Umum,5.0
REV004977,ulasan,Parkir cukup. Toilet lumayan,2022-09-23,2022,9,2022-09,Masjid Agung Bangkalan,Tempat Umum,5.0
REV004981,ulasan,"Pelayanan bagus, barang lengkap",2022-09-23,2022,9,2022-09,Masjid Agung Bangkalan,Tempat Umum,5.0
REV004984,ulasan,"Tempat wudhunya agak kotor, toiletnya jg kurang bersih, dan dalam masjidnya kurang sejuk :(",2022-09-23,2022,9,2022-09,Masjid Agung Bangkalan,Tempat Umum,3.0
REV004987,ulasan,"Masjid yg indah, nyaman, tmpt wudlu & toilet bersih, parkir mobil ckp luas.. Cm bbrp pengunjung kadang buang sampah & puntung rokok di parkiran, smoga mereka sadar",2022-09-23,2022,9,2022-09,Masjid Agung Bangkalan,Tempat Umum,5.0
REV004988,ulasan,"Cukup melepas penat ibadah disini, sayang msh kurang bersih dan banyak sampah berserakan",2022-09-23,2022,9,2022-09,Masjid Agung Bangkalan,Tempat Umum,3.0
REV004989,ulasan,"Sholat Mahrib, Masjidnya Luas dan Bersih",2022-09-23,2022,9,2022-09,Masjid Agung Bangkalan,Tempat Umum,5.0
REV004994,ulasan,"Masjid ini terletak di tengah kota bangkalan, mobil bisa parkir masuk.. Semuanya bersih & di belakang masjid ada makam Sultan Abdul Kadirun..jadi skaliyan ziarah pas ke sana",2022-09-23,2022,9,2022-09,Masjid Agung Bangkalan,Tempat Umum,5.0
REV004996,ulasan,masjidnya baru.. bersih,2022-09-23,2022,9,2022-09,Masjid Agung Bangkalan,Tempat Umum,5.0
REV004998,ulasan,ALHAMDULILLAH GAK JAUH BEDA. CUMA TEMPAT PARKIRNYA SEMAKIN KECIL. KAMAR MANDI. WC . PRIA TERPISAH. TEMPAT WUDHU JUGA NYAMAN. ...,2022-09-23,2022,9,2022-09,Masjid Agung Bangkalan,Tempat Umum,5.0
REV005010,ulasan,"Luas bersih,buat beribadah nyaman.",2022-09-23,2022,9,2022-09,Masjid Agung Bangkalan,Tempat Umum,5.0
REV005017,ulasan,Tempatnya bersih dan sejuk.,2022-09-23,2022,9,2022-09,Masjid Agung Bangkalan,Tempat Umum,5.0
REV005021,ulasan,"Masjidnya bersih,parkiran luas.kesuciannya terjamin.terbaik pokoknya",2022-09-23,2022,9,2022-09,Masjid Agung Bangkalan,Tempat Umum,5.0
REV005022,ulasan,Bersih dan luasss,2022-09-23,2022,9,2022-09,Masjid Agung Bangkalan,Tempat Umum,5.0
REV005032,ulasan,Nyaman n bersih,2022-09-23,2022,9,2022-09,Masjid Agung Bangkalan,Tempat Umum,5.0
REV005033,ulasan,Parkir kurang luas tapi toiletnya bersih,2022-09-23,2022,9,2022-09,Masjid Agung Bangkalan,Tempat Umum,3.0
REV005039,ulasan,"Tempat solatnya nyaman, tempat wudhu & toilet bersih.",2022-09-23,2022,9,2022-09,Masjid Agung Bangkalan,Tempat Umum,5.0
REV005040,ulasan,"Depan alun"" Bangkalan, area parkir masjid cukup luas, masjid bersih dan sejuk, untuk mukena masjid tersedia banyak, di depan disediakan juga air minum gratis",2022-09-23,2022,9,2022-09,Masjid Agung Bangkalan,Tempat Umum,4.0
REV005041,ulasan,"Sebuah peninggalan sejarah Madura yang terawat dengan baik, dengan interior yang indah dan gendang-gendang raksasa. Parkir mudah, fasilitas wudhu juga mudah diakses, termasuk toilet yang bersih dan (mengejutkan) kamar mandi. Berdoa di sini adalah pengalaman yang luar biasa.",2022-09-23,2022,9,2022-09,Masjid Agung Bangkalan,Tempat Umum,5.0
REV005042,ulasan,"Numpang sholad, abis makan bebek sinjay...masjidnya adem,bersih...",2022-09-23,2022,9,2022-09,Masjid Agung Bangkalan,Tempat Umum,5.0
REV005047,ulasan,Sangat bersih dan bersejarah,2022-09-23,2022,9,2022-09,Masjid Agung Bangkalan,Tempat Umum,5.0
REV005049,ulasan,Nyaman dan bersih.,2022-09-23,2022,9,2022-09,Masjid Agung Bangkalan,Tempat Umum,5.0
REV005050,ulasan,"Bagus, bersih dan nyaman",2022-09-23,2022,9,2022-09,Masjid Agung Bangkalan,Tempat Umum,5.0
REV005054,ulasan,Mesjidnya luas dan bersih,2022-09-23,2022,9,2022-09,Masjid Agung Bangkalan,Tempat Umum,5.0
REV005058,ulasan,"Tempat bersih, sejuk, tempat wudhu nya juga bersih... wouw megah",2022-09-23,2022,9,2022-09,Masjid Agung Bangkalan,Tempat Umum,5.0
REV005059,ulasan,Masjidnya luas bersih dan bagus,2022-09-23,2022,9,2022-09,Masjid Agung Bangkalan,Tempat Umum,5.0
REV005069,ulasan,"Tmptx bersih,parkir luas",2021-09-23,2021,9,2021-09,Masjid Agung Bangkalan,Tempat Umum,4.0
REV005074,ulasan,Masjidnya Bersih.toiletnya nyaman. Superlah,2021-09-23,2021,9,2021-09,Masjid Agung Bangkalan,Tempat Umum,5.0
REV005076,ulasan,Masjidnya bersih n luaaas,2021-09-23,2021,9,2021-09,Masjid Agung Bangkalan,Tempat Umum,5.0
REV005086,ulasan,"Masjid bersih, halaman lumayan luas, dalam masjid bersih pol, fasilitas lengkap sperti kamar mandi, toilet, tempat wudhu' n sebagai nya .. ...",2021-09-23,2021,9,2021-09,Masjid Agung Bangkalan,Tempat Umum,5.0
REV005092,ulasan,Masjid Agung Bangkalan Bersih pas buat transit sholat sebelum melanjutkan ke kota lain,2021-09-23,2021,9,2021-09,Masjid Agung Bangkalan,Tempat Umum,5.0
REV005093,ulasan,"Masjid yang nyaman dan cukup bersih, dengan nuansa interior tradisional terkesan sangat elegan, masjid ini cukup luas dan pastinya bisa sekaligus untuk wisata religi karena mengandung unsur sejarah di Bangkalan. Wajib mampir shalat disini buat kalian yang visit ke Bangkalan.",2021-09-23,2021,9,2021-09,Masjid Agung Bangkalan,Tempat Umum,5.0
REV005099,ulasan,Mesjidnya bersih serta parkiran juga luas,2021-09-23,2021,9,2021-09,Masjid Agung Bangkalan,Tempat Umum,5.0
REV005107,ulasan,Nyaman bersih barakallah 👍 👍 👍 👍 👍 👍 👍 👍 👍 👍 👍 😍 😍 😍 🥰 🥰 🥰 ...,2021-09-23,2021,9,2021-09,Masjid Agung Bangkalan,Tempat Umum,5.0
REV005109,ulasan,Indah dan bersih,2021-09-23,2021,9,2021-09,Masjid Agung Bangkalan,Tempat Umum,5.0
REV005121,ulasan,Toilet bersih dan parkir luas serta terletak di jantung kota bangkalan.,2021-09-23,2021,9,2021-09,Masjid Agung Bangkalan,Tempat Umum,5.0
REV005130,ulasan,Bersih dan nyaman tuk melaksanakan ibadah,2021-09-23,2021,9,2021-09,Masjid Agung Bangkalan,Tempat Umum,5.0
REV005151,ulasan,"Salah satu masjid besar di Madura, tetapi tempat ini penuh dengan umat Muslim saat shalat Jumat, jadi Anda tidak akan menemukan tempat yang steril dari Covid hahaha.. Orang-orang ini percaya bahwa tidak ada Covid di kota Bangkalan. Masjid ini dekat dengan sekolah Muslim dan alun-alun kota, jadi itulah sebabnya ramai.",2020-09-23,2020,9,2020-09,Masjid Agung Bangkalan,Tempat Umum,3.0
REV005161,ulasan,Bersih dan nyaman,2020-09-23,2020,9,2020-09,Masjid Agung Bangkalan,Tempat Umum,5.0
REV005163,ulasan,Masjid agung yang utama di kota bangkalan. Masjid yang bersih dan gak pernah sepi pengunjung. Petugasnya ramah. Adem dan nyaman banget untuk sholat disini,2020-09-23,2020,9,2020-09,Masjid Agung Bangkalan,Tempat Umum,5.0
REV005170,ulasan,Bagus luas persediaan air banyak,2020-09-23,2020,9,2020-09,Masjid Agung Bangkalan,Tempat Umum,5.0
REV005172,ulasan,Bersih dan sejuk,2020-09-23,2020,9,2020-09,Masjid Agung Bangkalan,Tempat Umum,5.0
REV005173,ulasan,Bersih dan megah,2020-09-23,2020,9,2020-09,Masjid Agung Bangkalan,Tempat Umum,5.0
REV005178,ulasan,"masjid yg sangat bersih, dan udara nya lumayan sejuk. semoga corona cepat berlalu dan masjid ini rame kembali",2020-09-23,2020,9,2020-09,Masjid Agung Bangkalan,Tempat Umum,5.0
REV005183,ulasan,"Tempat ternyaman. Adem, luas, bersih.",2020-09-23,2020,9,2020-09,Masjid Agung Bangkalan,Tempat Umum,5.0
REV005186,ulasan,Masjidnya lebar dan airnya bersih cupan dan ada tempat istirahat juga,2020-09-23,2020,9,2020-09,Masjid Agung Bangkalan,Tempat Umum,4.0
REV005191,ulasan,"Bersih, anginnya sejuk.",2020-09-23,2020,9,2020-09,Masjid Agung Bangkalan,Tempat Umum,5.0
REV005197,ulasan,"Masjidnya besar & indah, toilet/kamar mandinya banyak & bersih, parkirnya pun luas cm kalau jam2 sholat jamaah mending bawa mukenah sndr krn sering kehabisan...",2020-09-23,2020,9,2020-09,Masjid Agung Bangkalan,Tempat Umum,5.0
REV005199,ulasan,Masjid ini bagus dn bersih,2020-09-23,2020,9,2020-09,Masjid Agung Bangkalan,Tempat Umum,5.0
REV005201,ulasan,"Nyaman, bersih, enak buat i'tiqaf",2020-09-23,2020,9,2020-09,Masjid Agung Bangkalan,Tempat Umum,5.0
REV005203,ulasan,Tenang. Positif. Bersih. Di sebelah masjid ada pasarean leluhur Bangkalan.,2020-09-23,2020,9,2020-09,Masjid Agung Bangkalan,Tempat Umum,5.0
REV005207,ulasan,Masjidnya bersih adem,2020-09-23,2020,9,2020-09,Masjid Agung Bangkalan,Tempat Umum,4.0
REV005210,ulasan,Bersih n adem,2020-09-23,2020,9,2020-09,Masjid Agung Bangkalan,Tempat Umum,5.0
REV005212,ulasan,"Terimakasih kpd pengelolaan H.Mustofa Sisi baik dan buruknya dari ke pribadian pengunjung. Saya suka nyantai pagi menunggu matari terbit dan sore terbenamnya dgn menikmati kopi yg sdh di sediakan oleh penjual. Semoga semakin bagus, bersih dan baik dalam pengelolaannya. Sesuai adat madura yg kental dan baik agamanya. Salam dari warga JADDIH UTARA",2026-09-02,2026,9,2026-09,Wisata Pantai Martajasah,Tempat Umum,5.0
REV005218,ulasan,"Kesini ikut ayah & keluarga yg kebetulan dari Pasuruan tapi siang hari,panas bet , menurut ku masih biasa aja tapi banyak area permainan anak ,prosotan ayunan dll ada spot foto ,ada hotel melati ,ada aula terbuka untuk disewakan,di pinggiran pantai ditanam Cemara,ada gazebo ,ada warung 24 jam,belum pernah kesini malem sih ,tiket mobil 5k,motor gatau ,kebanyakan mobil sih,disayangkan g disiapin tempat sampah yg memadai di tiap area,jadi banyak sampah plastik bertebaran",2026-04-23,2026,4,2026-04,Wisata Pantai Martajasah,Tempat Umum,4.0
REV005220,ulasan,Jembatan bambunya entah aman apa ngga.. Dan wktu kesana msh ada sampah berserakan..,2026-02-23,2026,2,2026-02,Wisata Pantai Martajasah,Tempat Umum,2.0
REV005223,ulasan,"Kebersihan perlu sangat ditingkatkan, kesadaran masyarakat akan kebersihan sebagian dari iman sangat kurang, sebaiknya pengelola juga memperhatikan bagian mangrove agar dilakukan perbaikan berkala supaya makin baik dan tambah variasi selain wisata pantai. Untuk kawasan tengahnya sudah cukup baik, dan saran lagi agar parkir mobil dan motor ditata jadi gak sembarangan parkir dan menganggu pemandangan pantai",2026-02-23,2026,2,2026-02,Wisata Pantai Martajasah,Tempat Umum,3.0
REV005230,ulasan,"tempatnya tenang dan lumayan bersih. enak buat duduk santai sore-sore sambil liat laut, disini bisa sewa sampan jugaa",2025-11-23,2025,11,2025-11,Wisata Pantai Martajasah,Tempat Umum,5.0
REV005234,ulasan,"Ini terletak di Pulau Madura yang berjarak sekitar 30 menit dari jembatan. Objek wisata itu sendiri tidak layak dikunjungi, karena terjadi kecelakaan beberapa tahun yang lalu & sejak saat itu penduduk setempat tidak merawatnya. Berkendara di Pulau Madura bagus untuk dilakukan jika Anda ingin merasakan desa-desa tradisional & cara hidup mereka, tetapi pastikan Anda memesan perjalanan pulang pergi dan bukan sekali jalan karena Anda akan kesulitan untuk meninggalkan pulau jika tidak.",2025-09-23,2025,9,2025-09,Wisata Pantai Martajasah,Tempat Umum,2.0
REV005240,ulasan,"Satu satunya atraksi yang menarik adalah exploring hutan mangrove. Pantai nya tidak berpasir, lebih banyak yang mancing. Area kotor banyak sampah.",2025-09-23,2025,9,2025-09,Wisata Pantai Martajasah,Tempat Umum,3.0
REV005245,ulasan,Tempat yang biasanya dibuat nongki cantik sama keluarga. Viewnya bagus terutama pas sore hari. Biasanya ada monyet yang nemenin nongki nya. Untuk htm terbilang murce sih karena ya bisa dibuat untuk dana perawatan juga. Mainannya mungkin bisa diperbaiki yang rusak2 biar enak dan lebih safety untuk anak kecil,2025-09-23,2025,9,2025-09,Wisata Pantai Martajasah,Tempat Umum,5.0
REV005250,ulasan,"Bagus, lumayan rame dan bersih",2025-09-23,2025,9,2025-09,Wisata Pantai Martajasah,Tempat Umum,5.0
REV005253,ulasan,cukup bagus... bersih...,2024-09-23,2024,9,2024-09,Wisata Pantai Martajasah,Tempat Umum,4.0
REV005256,ulasan,"Pantai baru yang cukup bagus, cocok di jadikan destinasi untuk liburan bersama keluarga maupun dengan teman, namun sayang masih ada sampah yang dibuang sembarangan dibeberapa bagian.",2024-09-23,2024,9,2024-09,Wisata Pantai Martajasah,Tempat Umum,4.0
REV005259,ulasan,"Asik pantai nya tapi terganggu dengan pemandangan sampah karna ulah si tangan pemalas yang enggan buang sampah pada tempat nya. HTM cuma 2rb murah banget, naik perahu pun bisa dewasa 15k anak2 10k. Banyak jajanan dan rumah makan. Mantul dah. Oiya ada wisata mangrove juga",2024-09-23,2024,9,2024-09,Wisata Pantai Martajasah,Tempat Umum,5.0
REV005261,ulasan,"tempat nya luas tapi toilet nya sedikit,tolong di tingkat lagi khusus nya di bagian pertoilet an",2024-09-23,2024,9,2024-09,Wisata Pantai Martajasah,Tempat Umum,1.0
REV005267,ulasan,"Akses menuju jalannya sudah baik, Pantainya juga menyuguhkan pemandangan yg lumayan bagus, ada pemandangan hutan mangrove di sekitarnya, ada fasilitas sewa perahu juga. Selain itu ada monyet2 liar disekitar hutan mangrove dan monyetnya tidak nakal ya guys. Di pantai ini juga sudah ada penginapan dan tempat makannya, bisa buat acara juga. Cuman kekurangannya banyak sampah yg berserakan, mungkin pihak pengelola bisa menyediakan lebih banyak tempat sampah",2024-09-23,2024,9,2024-09,Wisata Pantai Martajasah,Tempat Umum,4.0
REV005269,ulasan,Pantai Martajasah tidak jauh dari pusat kota Bangkalan Madura. Sejalur dengan arah menuju makam Mbah Cholil. Dari pusat kota Bangkalan sekitar 10 menit. Pantai ini menyuguhkan pemandangan menyilakan dari tanahnya yang putih dari kapur. Dilengkapi dengan mainan anak dan warung menjadikan pengelola pantai dari warga sekitar terus berupaya mengembangkan. HTM cuma 5 ribu begitu masuk pantai Anda juga bisa menikmati wisata mangrove. Susuri japur jembatan bambu untuk melihat hutan mangrove yang banyak monyetnya. Ada juga resto dan hotel di dalam kawasan pantai. Hanya saja jangan berharap menikmati bibir pantai dengan pasir membentang karena pantai ini memiliki bibir pantai yang curam 2-3 meter ke permukaan air. Selain itu juga banyak hutan bakau dan rawa. Disampingnya merupakan muara sungai yang masih digunakan lalu lalang perahu nelayan. #literasyikgalih #kilasdokumenter @galih.wib,2024-09-23,2024,9,2024-09,Wisata Pantai Martajasah,Tempat Umum,5.0
REV005275,ulasan,"Punya potensi menarik jadi wisata di Madura, tinggal dikelola lebih rapi dan bersih lagi.",2023-09-23,2023,9,2023-09,Wisata Pantai Martajasah,Tempat Umum,4.0
REV005283,ulasan,"Tempat ini indah sejuk bagus buat rekreasi keluarga sambil makan bersama tempat ny bersih angin sepoy """,2026-07-23,2026,7,2026-07,Mercusuar Bangkalan,Tempat Umum,5.0
REV005285,ulasan,"puanas kalo kesini siang"" jam 12-2 an, sarang jangan siang siang, kesini bareng teman ber 5 an. kalau kalian berkunjung ke ujung barat Pulau Madura, tepatnya di Desa Sembilangan, Kabupaten Bangkalan, ada satu tengara (landmark) bersejarah yang sulit untuk dilewatkan. Mercusuar Sembilangan. Berdiri kokoh di tepi pantai, bangunan ini bukan sekadar menara tinggi dengan lampu di puncaknya, melainkan saksi bisu jalur perdagangan laut yang sibuk sejak ratusan tahun lalu. oh ya sedikit pengetahuan sejarah. Bagi masyarakat lokal maupun wisatawan, mercusuar ini memiliki daya tarik yang unik. Suasananya tenang, khas pesisir, dan menyimpan atmosfer masa lalu yang kental. Situs ini bukan cm sekadar bangunan tua, melainkan bagian dari infrastruktur modernisasi armada laut pada masa kolonial. 1. Pembangunan di Era Kolonial Belanda Mercusuar ini dibangun pada tahun 1879, tepatnya pada masa pemerintahan Raja Willem III dari Belanda. Hal ini diperkuat oleh prasasti logam yang masih menempel di atas pintu masuk menara. Tujuan utama pembangunannya sangat taktis: sebagai panduan navigasi bagi kapal-kapal dagang maupun kapal militer yang hendak memasuki Pelabuhan Tanjung Perak, Surabaya, melalui Selat Madura. Selat ini dikenal memiliki navigasi yang cukup menantang, sehingga keberadaan penunjuk arah visual di malam hari menjadi sangat krusial. 2. Arsitektur dan Spesifikasi Bangunan Secara fisik, Mercusuar Sembilangan memiliki karakteristik arsitektur yang sangat khas eranya: Tinggi Menara: Kurang lebih 65 meter, menjadikannya salah satu mercusuar yang cukup tinggi di masanya. Struktur: Terdiri dari 17 lantai dengan tangga melingkar di bagian dalamnya. Struktur utamanya terbuat dari lempengan besi baja tebal yang kokoh, bukan beton, yang dirakit sedemikian rupa hingga mampu menahan korosi air laut dan angin kencang selama lebih dari satu abad. Sistem Lampu: Pada awalnya menggunakan lampu minyak dengan lensa optik besar, namun kini tentu saja sistem pencahayaannya sudah mengalami modernisasi demi keselamatan pelayaran modern.",2026-06-23,2026,6,2026-06,Mercusuar Bangkalan,Tempat Umum,5.0
REV005313,ulasan,"Pemandangan yang indah, jika saja tidak ada sampah",2025-09-23,2025,9,2025-09,Mercusuar Bangkalan,Tempat Umum,3.0
REV005335,ulasan,"Tidak terawat, kotor&kalau bs ksh tmpat bermain anak2",2024-09-23,2024,9,2024-09,Mercusuar Bangkalan,Tempat Umum,3.0
REV005345,ulasan,Pemandangannya bagus tapi tidak terlalu bersih.,2023-09-23,2023,9,2023-09,Mercusuar Bangkalan,Tempat Umum,3.0
REV005355,ulasan,"bagus tapi kurang terawat tempatnya cenderung kotor sampah bungkus makanan bekas, berserakan",2023-09-23,2023,9,2023-09,Mercusuar Bangkalan,Tempat Umum,3.0
REV005370,ulasan,Di depan gerbang suar ini ada byk yg jualan rujak khas Madura. Sayangnya di sini ga ada toiletnya. Parkir mobil dan motor luas.,2023-09-23,2023,9,2023-09,Mercusuar Bangkalan,Tempat Umum,4.0
REV005377,ulasan,"Pinggiran lautnya kotor, sudah tidak ada akses masuk ke sana. Jadi, hanya bisa menikmati di tepi laut sekitar mercusuar untuk melihat senja. Sayang sekali ketika saya ke sana mendung :)",2023-09-23,2023,9,2023-09,Mercusuar Bangkalan,Tempat Umum,3.0
REV005382,ulasan,"Mercusuar, Tempatnya bagus banget kalau di rawat dengan benar, saya yakin kalau di renovasi besar - besaran banyak pengunjung dari berbagai daerah yang mau berwisata, sehingga perekonomian disitu meningkat, banyak yang membeli oleh - oleh, makanan dan sebagainya... Oiya terakhir kali gua kesitu di palak sama orang situ, kalau gitu orang yang mau liburan bakal kapok kesitu lagi -_-, Paling cuma warga sekitar saja yang mau kesitu.... Cobalah tiru di tempat wisata lainnya, wisata mereka selalu ramai dan terawat sekali, sehingga orang luar daerah pun betah liburan disitu...",2023-09-23,2023,9,2023-09,Mercusuar Bangkalan,Tempat Umum,5.0
REV005412,ulasan,Bangunan bersejarah .dan masih terawat dengan baik.jalan masuk ke daerah banyak yang rusak .toilet tidak ada,2022-09-23,2022,9,2022-09,Mercusuar Bangkalan,Tempat Umum,3.0
REV005416,ulasan,Bersih terawat tempatnya. Waktu kesana saya tidak masuk ke lokasi karna mungkin masih pagi sekali tutup. Saya hanya ambil gambar pakai drone saja.,2022-09-23,2022,9,2022-09,Mercusuar Bangkalan,Tempat Umum,5.0
REV005436,ulasan,"Akses masuk mercusuar sudah ditutup. Tapi tetap banyak pengunjungnya. Di sebelah mercusuar ada tanah lapang, sangat disayangkan disitu banyak sampah plastik, padahal tempatnya nyaman untuk piknik. Suasananya sunyi, adem, juga bisa lihat burung di rawa.",2022-09-23,2022,9,2022-09,Mercusuar Bangkalan,Tempat Umum,5.0
REV005439,ulasan,Mercusuar peninggalan Belanda yang masih terawat dan berfungsi dengan baik. Tempatnya bersih. Ada beberapa penjual didepan mercusuar. Disebelah kanan terdapat lahan yang cukup luas untuk parkir ataupun sekedar melihat pemandangan laut dan hutan bakau disekitar mercusuar.,2022-09-23,2022,9,2022-09,Mercusuar Bangkalan,Tempat Umum,5.0
REV005442,ulasan,"Tempatnya bersih dan rindang dan ada beberapa penjual makanan di sekitar mercusuar. Sekarang sudah tidak bisa masuk ke dalam mercusuar, mungkin karena ada kebijakan baru.",2022-09-23,2022,9,2022-09,Mercusuar Bangkalan,Tempat Umum,4.0
REV005446,ulasan,Bangunan bersejarah yang masih berfungsi hingga saat ini untuk kelancaran lalu lintas kapal di perairan sekitarnya.,2022-09-23,2022,9,2022-09,Mercusuar Bangkalan,Tempat Umum,5.0
REV005459,ulasan,Pemandangan Area suar lumayan bagus tapi masih ad sampah - sampah berserakan,2022-09-23,2022,9,2022-09,Mercusuar Bangkalan,Tempat Umum,3.0
REV005463,ulasan,Tempat wisata.. Sederhana. Tp bersih dan menarik...,2021-09-23,2021,9,2021-09,Mercusuar Bangkalan,Tempat Umum,5.0
REV005467,ulasan,"Tempat wisata bersejarah, masih perlu banyak perawatan lagi",2021-09-23,2021,9,2021-09,Mercusuar Bangkalan,Tempat Umum,4.0
REV005471,ulasan,Masuk gratis Tempat cukup bersih,2021-09-23,2021,9,2021-09,Mercusuar Bangkalan,Tempat Umum,5.0
REV005472,ulasan,"Ada area parkir yg cukup, mohon jaga kebersihan",2021-09-23,2021,9,2021-09,Mercusuar Bangkalan,Tempat Umum,5.0
REV005480,ulasan,Tempat bagus dan bersih... Tapi sayang sekarang sdh gak boleh naik ke atas,2021-09-23,2021,9,2021-09,Mercusuar Bangkalan,Tempat Umum,5.0
REV005481,ulasan,"Setelah 10th lebih,, ksini lagi sudah brubah bersih 👍 🏻 👍 🏻 👍 🏻 ...",2021-09-23,2021,9,2021-09,Mercusuar Bangkalan,Tempat Umum,5.0
REV005490,ulasan,Tempat bersejarah dari jaman penjajahan Belanda. Lokasi wisata cukup bersih diiringi dengan pepohonan yang rimbun membuat suasana semakin nyaman,2021-09-23,2021,9,2021-09,Mercusuar Bangkalan,Tempat Umum,5.0
REV005494,ulasan,"Tempat yang bagus untuk dikunjungi, tetapi kebersihannya perlu ditingkatkan.",2021-09-23,2021,9,2021-09,Mercusuar Bangkalan,Tempat Umum,4.0
REV005509,ulasan,"Bagus sekali dan sangat terawat, lingkungannya juga bersih. Memang cukup jauh dari pusat kota Bangkalan tapi worth it!! Tidak ada kurangnya",2021-09-23,2021,9,2021-09,Mercusuar Bangkalan,Tempat Umum,5.0
REV005510,ulasan,Kamar mandi tersedia Warung juga ada Bersih,2021-09-23,2021,9,2021-09,Mercusuar Bangkalan,Tempat Umum,4.0
REV005523,ulasan,Bersih ...masih alami,2021-09-23,2021,9,2021-09,Mercusuar Bangkalan,Tempat Umum,5.0
REV005527,ulasan,"Bersejarah,bersih,aman dan lokasi mudah dituju",2021-09-23,2021,9,2021-09,Mercusuar Bangkalan,Tempat Umum,4.0
REV005530,ulasan,"Tempat yang menarik untuk dikunjungi, bersih dan fokus. Ada beberapa kafe lokal di sana.",2021-09-23,2021,9,2021-09,Mercusuar Bangkalan,Tempat Umum,5.0
REV005555,ulasan,"Mercusuar ini peninggalan Belanda. Pemandangannya bagus. Cocok untuk yg tujuan acara gowes bareng, ato ngajak anak2. Untuk naik ke atas, tiketx 5rb. Disarankan bawa makanan sendiri krn hanya ada 1-2 penjual makanan saja di lokasi mercusuar. Parkir luas. Toilet kykx yg agak susah.",2020-09-23,2020,9,2020-09,Mercusuar Bangkalan,Tempat Umum,5.0
REV005558,ulasan,"Tempatnya bersih, makanan yang dijual penduduk sekitar sangat murah mengingat mercuar merupakan salah satu destinasi wisata",2020-09-23,2020,9,2020-09,Mercusuar Bangkalan,Tempat Umum,5.0
REV005560,ulasan,Bersih. Sayangnya gak di kelola dg baik,2020-09-23,2020,9,2020-09,Mercusuar Bangkalan,Tempat Umum,4.0
REV005601,ulasan,"Sayang sekali sekarang tidak dapat naik ke atas karena ada insiden tidak bertanggung jawab. Ada beberapa kios di sekitar lokasi. Lokasi ini hanya ada mercusuar saja, tapi di belakang mercusuar ada perairan yang cukup bagus.",2020-09-23,2020,9,2020-09,Mercusuar Bangkalan,Tempat Umum,3.0
REV005605,ulasan,Sayangnya belum dirawat sama pemda,2020-09-23,2020,9,2020-09,Mercusuar Bangkalan,Tempat Umum,4.0
REV005606,ulasan,"Kunjungan singkat untuk melihat-lihat dan mengambil foto. Banyak sekali nyamuk di sekitar sini - kami digigit berkali-kali. Ada danau di belakang, tetapi sampah berserakan di mana-mana. Perlu dibersihkan dengan baik.",2020-09-23,2020,9,2020-09,Mercusuar Bangkalan,Tempat Umum,2.0
REV005608,ulasan,"Sudah lebih rapi dan bersih lingkungan sekitarnya, hanya hari ini ditutup, jadi tidak bisa masuk dan naik ke mercusuar. Terakhir kesana lagi mercusuar tetap ditutup bagi pengunjung karena kondisi tangga mercusuar sudah kurang baik.",2020-09-23,2020,9,2020-09,Mercusuar Bangkalan,Tempat Umum,4.0
REV005651,ulasan,Kurang baik di bidang kebersihan,2019-09-23,2019,9,2019-09,Mercusuar Bangkalan,Tempat Umum,5.0
REV005675,ulasan,"Lokasinya cukup jauh, tapi sayang kurang bersih",2019-09-23,2019,9,2019-09,Mercusuar Bangkalan,Tempat Umum,4.0
REV005688,ulasan,"Tempat yang bagus, butuh perawatan lebih...",2019-09-23,2019,9,2019-09,Mercusuar Bangkalan,Tempat Umum,4.0
REV005689,ulasan,Butuh perawatan dari Bupati Bangkalan biar jadi tempat wisata dan juga menjadi lahan pekerjaan bagi penduduk sekitar,2019-09-23,2019,9,2019-09,Mercusuar Bangkalan,Tempat Umum,5.0
REV005733,ulasan,"Mercusuar ini sudah ada sejak jaman voc dan saat ini masih beroperasi, sayang kami ga bisa masuk karena digembok, sekitarnya hutan mangrove yang penuh sampah",2019-09-23,2019,9,2019-09,Mercusuar Bangkalan,Tempat Umum,3.0
REV005751,ulasan,Bersih Rapi Terawat..banyak penjual rujak biah khas madura yg muraaah..alternatif wisata santai yang sayang untuk di lewatkan di Bangkalan..,2018-09-23,2018,9,2018-09,Mercusuar Bangkalan,Tempat Umum,5.0
REV005774,ulasan,Mercusuar yang dibangun oleh jaman Belanda. Sayang banyak sampah disekitarnya,2018-09-23,2018,9,2018-09,Mercusuar Bangkalan,Tempat Umum,3.0
REV005783,ulasan,Bagus utk foto .. Tapi danau dibelakang sdh kotor banyak sampah ... Malercusuanya bagus,2018-09-23,2018,9,2018-09,Mercusuar Bangkalan,Tempat Umum,4.0
REV005784,ulasan,"Sayang banget gak bisa naik ke atas mercusuar, dikarnakan kurangnya perawatan (anak tangga rapuh) jadi ditutup pintu masuk menara, tapi alhamdulillah masih bisa melampiaskan/terobati dengan mengunjungi area sekitar menara",2018-09-23,2018,9,2018-09,Mercusuar Bangkalan,Tempat Umum,4.0
REV005793,ulasan,"Mercusuar ini direkomendasikan, bersih, Anda bisa belajar sesuatu, Anda bisa berburu dengan pemandangan yang bagus, Anda bisa menikmati waktu di sini. Tempat yang sangat bagus. Silakan datang berkunjung ke sini....",2018-09-23,2018,9,2018-09,Mercusuar Bangkalan,Tempat Umum,5.0
REV005812,ulasan,"Ini tempat yang bagus, cocok untuk relaksasi pikiran, langit biru dan udara bersih. Tapi sekarang sudah tutup, jadi Anda tidak bisa masuk dan naik ke atas, kata penduduk setempat karena bangunannya sudah tua.",2018-09-23,2018,9,2018-09,Mercusuar Bangkalan,Tempat Umum,4.0
REV005844,ulasan,"Pengalaman unik dan menyenangkan bisa berwisata ke sini. Akses kurang bagus, saat hujan jadi sangat becek. Bisa naik sampai ke ujung mercusuar, lihat lampu sorot di dalamnya.",2018-09-23,2018,9,2018-09,Mercusuar Bangkalan,Tempat Umum,4.0
REV005850,ulasan,Bersih hanya pintu terkunci ga bisa naik keatas,2018-09-23,2018,9,2018-09,Mercusuar Bangkalan,Tempat Umum,4.0
REV005861,ulasan,"Tempat yang bagus secara historis, layak untuk dikunjungi. Kebersihannya buruk.",2018-09-23,2018,9,2018-09,Mercusuar Bangkalan,Tempat Umum,3.0
REV005876,ulasan,"Tempat wisata yg bagus, bersih & tidak ramai, sayang mercusuarnya sudah tidak dibuka untuk umum, jadi hanya tampak luar yg bisa dilihat. Minim penjual makanan",2017-09-23,2017,9,2017-09,Mercusuar Bangkalan,Tempat Umum,4.0
REV005893,ulasan,"Toiletnya bersih, tapi masih banyak samlah yang berserakan... jadi kurang nyaman liatnya",2017-09-23,2017,9,2017-09,Mercusuar Bangkalan,Tempat Umum,4.0
REV005927,ulasan,Di dalam agak jorok dan berbau. Tapi di atas pemandangannya indah.,2016-09-23,2016,9,2016-09,Mercusuar Bangkalan,Tempat Umum,3.0
REV005940,ulasan,Tempat bagus. Tapi kurang perawatan,2021-09-23,2021,9,2021-09,Pantai Rongkang,Tempat Umum,5.0
REV005943,ulasan,Skrg sepi banget... Dipinggir jln di penuhi sampah di sekitar pantai rongkang...,2021-09-23,2021,9,2021-09,Pantai Rongkang,Tempat Umum,3.0
REV005953,ulasan,Sebenarnya eksotis dan bila ada dinas terkait bisa mengelola itu sangat menjual. Alami dan dekat jalan raya. Sayang klu kurang dirawat. Mohon yg bisa bantu untuk rekomendasikan di Disparta Kab Bangkalan 🙏 ...,2020-09-23,2020,9,2020-09,Pantai Rongkang,Tempat Umum,3.0
REV005955,ulasan,"Pantai ga terbuka, ga dikelola, baiknya waktu pagi jangan sore air pasang tertutup pantainya",2020-09-23,2020,9,2020-09,Pantai Rongkang,Tempat Umum,2.0
REV005958,ulasan,"Banyak lalat dan nyamuk, mungkin karena pantainya masih baru (belum dikelola dengan baik), tidak ada toilet, tidak ada penjual makanan.",2020-09-23,2020,9,2020-09,Pantai Rongkang,Tempat Umum,2.0
REV005960,ulasan,Jelek banyak sampah,2020-09-23,2020,9,2020-09,Pantai Rongkang,Tempat Umum,1.0
REV005964,ulasan,lumayan bagus tp lokasi kotor bnyk sampah,2020-09-23,2020,9,2020-09,Pantai Rongkang,Tempat Umum,3.0
REV005967,ulasan,"banyak sampah, mengganggu pemandangan",2019-09-23,2019,9,2019-09,Pantai Rongkang,Tempat Umum,3.0
REV005968,ulasan,Jangan pergi ke sini... tempatnya gersang... airnya kotor.,2019-09-23,2019,9,2019-09,Pantai Rongkang,Tempat Umum,2.0
REV005969,ulasan,"Pantai ini seharusnya punya pemandangan menarik, tapi keadaannya sangat kotor oleh sampah. Demikian juga lingkungan jalan sekitarnya banyak sekali sampah bertebaran. Sepertinya orang-orang membuang sampah di sepanjang jalan itu. Ketika mengunjungi pantai Kwanyar tidak jauh sebelah timur pantai Rongkang, terdapat pantai kampung nelayan yang lebih sangat kotor penuh sampah. Malah ada warga minta difoto tapi kemudian minta uang. Sudah gitu malah panggil teman-temannya suruh gantian minta uang. Kalau seperti ini terus bagaimana pariwisata di tempat tersebut bisa maju?",2019-09-23,2019,9,2019-09,Pantai Rongkang,Tempat Umum,1.0
REV005972,ulasan,Kurang kebersihan nya,2019-09-23,2019,9,2019-09,Pantai Rongkang,Tempat Umum,3.0
REV005984,ulasan,"Pantai nya kurang menarik soalnya dibiarkan ala kadarnya, bila dikelola dengan baik misalkan ada taman, ada toilet yang banyak, tempat hiburan anak anak pasti bagus. Apalagi viewnya jembatan suramadu yang megah. Terus wisata naik perahu diperbanyak sehingga orang yang datang bisa betah untuk menikmati pantainya. Apalagi jalan menuju ke lokasi wisata dibagusin...bisa Meningkatkan ekonomi warga sekitar dan nelayan yang tidak hanya mengandalkan hasil laut tetapi memajukan juga tempat wisata.",2019-09-23,2019,9,2019-09,Pantai Rongkang,Tempat Umum,3.0
REV006024,ulasan,Lumayan... Lumayan kotor mksdnya. 😁 ...,2017-09-23,2017,9,2017-09,Pantai Rongkang,Tempat Umum,2.0
REV006046,ulasan,"saya saranin kalu mau bawa anak cari tempat lain aja lah,pantainya penuh sampah dipungut parkir lagi walau pun lokasinya di pinggir jalan raya,saya pribadi lebih merekomendasikan sumber langkap kalaubawa anak kecil.",2026-07-23,2026,7,2026-07,Pantai Pasir Putih Modung,Tempat Umum,1.0
REV006051,ulasan,Jangan kaget kalau banyak sampah dipinggir pantai karena kurangnya perawatan. Tapi cocok untuk tempat ngelamun. Tersedia perahu dan banyak orang berjualan disekitarnya,2025-09-23,2025,9,2025-09,Pantai Pasir Putih Modung,Tempat Umum,3.0
REV006052,ulasan,"Cocok buat tempat ngelamun 😭 mungkin karna ini bukan tempat wisata jadi perawatan pantainya masih kurang, masih banyak sampah di tepian pantai siapapun pls kalo dateng bawa sampah pulangnya juga dibawa sampahnya 🙏 ...",2025-09-23,2025,9,2025-09,Pantai Pasir Putih Modung,Tempat Umum,5.0
REV006057,ulasan,Mungkin next sampah disa dibersihkan,2024-09-23,2024,9,2024-09,Pantai Pasir Putih Modung,Tempat Umum,5.0
REV006063,ulasan,aslinya bagus cuma KOTORnya ampun,2023-09-23,2023,9,2023-09,Pantai Pasir Putih Modung,Tempat Umum,3.0
REV006064,ulasan,"Suasana pantai dgn ombak yg landai, pantai bersih dgn pohon bakau.",2023-09-23,2023,9,2023-09,Pantai Pasir Putih Modung,Tempat Umum,5.0
REV006066,ulasan,Sunrise dan sunsetnya ciamik. Hanya sampahnya yang ga bisa dikondisikan,2022-09-23,2022,9,2022-09,Pantai Pasir Putih Modung,Tempat Umum,4.0
REV006068,ulasan,Airnya lagi surut,2022-09-23,2022,9,2022-09,Pantai Pasir Putih Modung,Tempat Umum,5.0
REV006071,ulasan,"Sayang banyak sampahnya, di tepi jalan. Semoga ke depan lebih bersih lagi",2022-09-23,2022,9,2022-09,Pantai Pasir Putih Modung,Tempat Umum,2.0
REV006075,ulasan,"kotor banyak sampah, andai dikelola dengan baik",2021-09-23,2021,9,2021-09,Pantai Pasir Putih Modung,Tempat Umum,1.0
REV006082,ulasan,View Pantai Pasir Putih Modung ini sangat luar biasa indahnya dan di abadikan dalam foto. Sayangnya di bibir pantai masih banyak sampah yg tdk di bersihkan.,2020-09-23,2020,9,2020-09,Pantai Pasir Putih Modung,Tempat Umum,5.0
REV006085,ulasan,Bagus sih pemandanganya juga cocok banget buat yg kantong tipis hehehe soalnya gratias .tp buat kebersihan mungkin perlu diperhatikan.makasih,2020-09-23,2020,9,2020-09,Pantai Pasir Putih Modung,Tempat Umum,3.0
REV006088,ulasan,Sangat bagus untuk sebuah wisata kalok di rawat,2020-09-23,2020,9,2020-09,Pantai Pasir Putih Modung,Tempat Umum,5.0
REV006095,ulasan,"Salah satu pantai di daerah Bangkalan yang bersih, pasirnya putih. Tersedia spot foto yang banyak. Tiket masuk mobil Rp. 20.000. Perlu adanya investor baik dari pemerintah ataupun swasta untuk membuka akses jalan yang lebar untuk bus besar dan pengelolaan yang berstandar internasional. Serta bisa menambah spot atau wahana tambahan yang menarik bagi wisatawan. Tambahkan SOP terkait safety untuk kedepannya.",2026-08-23,2026,8,2026-08,Pantai Tengket,Tempat Umum,5.0
REV006096,ulasan,"Pantainya indah dengan pasir putih yang lembut. Ombaknya juga cenderung tenang sehingga terasa cukup aman untuk bermain air bersama anak-anak. Cocok untuk liburan keluarga. Di sepanjang pantai ada banyak warung dengan pilihan makanan dan minuman yang harganya masih terjangkau. Pemilik warungnya juga ramah, jadi pengunjung merasa nyaman. Fasilitas kamar mandi sudah tersedia untuk bilas setelah dari pantai. Kondisinya memang masih sederhana dan kurang terawat, tetapi masih cukup berfungsi. Yang perlu menjadi perhatian adalah kebersihan air laut. Saat saya berkunjung, sesekali ada sampah yang terbawa ombak sehingga sedikit mengurangi keindahan pantai. Akses menuju pantai cukup menantang. Jalan hanya muat satu mobil, dan semakin mendekati pantai jalannya semakin sempit. Untungnya ada beberapa titik yang bisa digunakan untuk berpapasan dengan kendaraan dari arah berlawanan. Jadi sebaiknya berkendara dengan hati-hati. Secara keseluruhan, Pantai Tengket layak dikunjungi, terutama bagi yang mencari pantai dengan ombak tenang dan suasana yang masih alami.",2026-07-23,2026,7,2026-07,Pantai Tengket,Tempat Umum,5.0
REV006100,ulasan,"Pantainya keren, sunset nya dapetlah. Kebersihan masih kurang, perlu ditingkatkan lagi. Warga sekitar pantai ramah-ramah.. Recommended buat healing, budget minim 😁 ✌ ️ ...",2026-06-23,2026,6,2026-06,Pantai Tengket,Tempat Umum,5.0
REV006102,ulasan,"Pantainya bagus, bersih Sayang kurang dikelola. Akses cukup susah ya. Karena mobil gak bisa berpapasan. Kalau pakai google map suka nyasar. Untung warga sekitar baik-baik. Untuk MCK masih minim banget ya.",2026-05-23,2026,5,2026-05,Pantai Tengket,Tempat Umum,5.0
REV006104,ulasan,"Menyenangkan, cm tolong selalu jaga kebersihan kl bisa akses buat yg melewati bibir pantai di rapih kan krna banyak sampah dan sisa sisa pohon tumbang, untuk tiket murah meriah 🥰 ...",2026-04-23,2026,4,2026-04,Pantai Tengket,Tempat Umum,5.0
REV006105,ulasan,"Pantai dengan ombak yang tenang, masih sepi meskipun rame wkwkw, jadi bisa santai menikmati pemandangan pantainya yang baguuus, pasir putih, air cukup bening Banyak warung juga, dan tempat teduh, ada ayunan2. Biaya parkir mobil 20rb, motor 5rb, toilet atau kamar mandi masih kurang proper tapi lumayan untuk bilas bilas, biaya 5rb-3rb. Akses motor aman, akses mobil di beberapa jalan kurang :"") karena hanya cukup 1 mobil saja, ada beberapa jalan yang bisa sisipan 2 mobil, Jalur bisa diarahkan petugasnya (?) kalau ada mobil yang keluar masuk gantian Ada 2 jalur sptnya untuk menuju pantai tengket ini",2026-04-23,2026,4,2026-04,Pantai Tengket,Tempat Umum,5.0
REV006107,ulasan,"Trbaru kesini22/3/2016 H+2 lebaran Pakai R4, meski jalan hanya untuk 1kendaraan, namun trsistem buka tutup yg tidak membuat sulit jika papasan.. , tiap area2 parkir di jaga oleh akamsi juga di arahkan penataan parkirnya.. betasa kayak bukan di wisata2 madura pada umumnya..., pelayanan akamsi ramah dan bagus banget... Harga jajanan juga tidak aji mummpung..semua harga normal, minusnya cuma 1. Toilet kurang memadai. 🙏 🙏",2026-03-23,2026,3,2026-03,Pantai Tengket,Tempat Umum,5.0
REV006108,ulasan,"Bagus kok teman-teman pantainya, masih asri masih ada hijaunya. Tapi mungkin perlu evaluasi seperti toilet (pas saya kesana tidak bisa diakses), kebersihan yang mungkin bisa ditingkatkan dan keamanannya, serta area parkir yang tertata. Tapi pas saya kesana bagus kok teman-teman ombaknya tenang, airnya sedikit biru dan anginnya juga bersahabat, yokk nikmati pantai ini bersama keluarga 😁",2026-03-23,2026,3,2026-03,Pantai Tengket,Tempat Umum,4.0
REV006114,ulasan,"akses jalan masuk susah, parkir mahal 20rb WC 5rb",2025-09-23,2025,9,2025-09,Pantai Tengket,Tempat Umum,1.0
REV006118,ulasan,"Bagus, hanya sayang banyak sampah rumah tangga, padahal kalau dijaga pasti bagus banget, makanan di sekitar sana murah""",2025-09-23,2025,9,2025-09,Pantai Tengket,Tempat Umum,4.0
REV006119,ulasan,"Petunjuk arah sangat membantu, akses kurang memadai terutàma untuk R4, untuk R2 okelah, tiket masuk R2 5k, R4 20k sudah includ sama parkir tersedia bilik/gazebo tempat santai dg aneka makanan dan minuman, viwe laut lepas bagus pantai pasir putih cuma kurang terjaga kebersihannya ada spot foto, ayunan. Kamar mandi/bilas 5k buang air kecil 3k.",2025-09-23,2025,9,2025-09,Pantai Tengket,Tempat Umum,5.0
REV006120,ulasan,Bagus!!! Pantainya tenang. Bocil masih bisa berenang karena ombaknya gak heboh. Kesitu pas air pasang tapi it's okay. Tetap indah. Hanya bayar karcis masuk kendaraan. 5 ribu motor. 10ribu mobil. Banyak warung warung juga... Akses sangat mudah dan gampang karena banyak petunjuk. Enjoy!!!,2025-09-23,2025,9,2025-09,Pantai Tengket,Tempat Umum,5.0
REV006121,ulasan,"Pantainya cantiiiik, udah 2x kesini pas pertama itu pantainya lagi pasang ombaknya lumayan pas ke 2x nya air lagi surut dan cantik banget views nya waktu sunset xixixi, sepi juga dan sangat tenang. Lumayan bersih, cuma bayar tiket parkir aja bener"" cantik dan bakal suka balik kesini lagi. Semoga ttl bersih Pantai nya ❤ ️",2025-09-23,2025,9,2025-09,Pantai Tengket,Tempat Umum,5.0
REV006122,ulasan,Tempat bagus lumayan buat nyantai sama kluarga Cuman ada yg kurang untuk toilet klo mau bab blum ada,2025-09-23,2025,9,2025-09,Pantai Tengket,Tempat Umum,5.0
REV006125,ulasan,"Saran klw datang ke pantai pas air pasang (jangan pas surut) Cek Pasang Surut air laut secara online untuk mendapatkan hasil maksimal Pantainya bagus No preman No pungli Warga sekitar ramah Makanan murah Hanya bayar tiket masuk/parkir: mobil 20k, motor 5k",2025-09-23,2025,9,2025-09,Pantai Tengket,Tempat Umum,5.0
REV006127,ulasan,"Lumayan bersih, tenang, FnB ccok bagi kaum menengah ke bawah, tenang",2025-09-23,2025,9,2025-09,Pantai Tengket,Tempat Umum,5.0
REV006128,ulasan,"Lokasi memang bagus, bersih dan nyaman. Cocok utk yg ingin santai tipis2 tanpa persiapan banyak. Semoga fasilitas sanitasi ditambah",2025-09-23,2025,9,2025-09,Pantai Tengket,Tempat Umum,4.0
REV006130,ulasan,"Bagus, pantainya surut tpi tetep ada airnya, tdk ada ombaknya kalau surut karna tdk sampai, surutnya juga jauh, banyak bebatuan, parkir mobil 20rb, tempat teduh tidak berbayar harus pesan makanan dulu 👍 ...",2025-09-23,2025,9,2025-09,Pantai Tengket,Tempat Umum,5.0
REV006131,ulasan,"Review 25 Desember 2024 . . Harga masuk cuman membayar parkir motor 5k. Banyak jualan makanan dan minuman seperti pop ice, kopi, dll. Harga standart tidak terlalu mahal dan tidak terlalu murah. Suasana pantai nyaman, pengurus pantai juga baik dan informatif. Jalan menuju pantai sesuai maps. Tidak terlalu kotor pantainya.",2025-09-23,2025,9,2025-09,Pantai Tengket,Tempat Umum,5.0
REV006134,ulasan,Ya oke deh. Jalannya sempit banget buat mobil sulit. Toilet sulit cAri. Kotor juga,2025-09-23,2025,9,2025-09,Pantai Tengket,Tempat Umum,4.0
REV006136,ulasan,"Pantai Tengket: Permata Tersembunyi di Madura Pantai Tengket, yang terletak di Kecamatan Sepulu, Kabupaten Bangkalan, Madura, adalah salah satu destinasi wisata yang semakin populer. Dengan pesona alam yang masih asri dan suasana yang tenang, pantai ini menawarkan pengalaman liburan yang berbeda. Apa yang Membuat Pantai Tengket Menarik? * Keindahan Alam: Pantai Tengket menyuguhkan pemandangan yang memukau dengan pasir putih yang lembut, air laut yang jernih, dan deburan ombak yang menenangkan. * Suasana Tenang: Jauh dari hiruk pikuk kota, pantai ini menawarkan suasana yang tenang dan cocok untuk bersantai. * Spot Foto Menarik: Banyak spot foto menarik di sekitar pantai, seperti gazebo, ayunan, dan pohon cemara yang rindang. * Akses Mudah: Lokasi pantai ini cukup mudah dijangkau dan terdapat banyak penanda jalan menuju lokasi. * Harga Terjangkau: Biaya masuk ke pantai ini sangat terjangkau, sehingga cocok untuk semua kalangan. Aktivitas yang Bisa Dilakukan: * Bersantai di Pantai: Nikmati suasana pantai sambil membaca buku, mendengarkan musik, atau hanya sekadar menikmati pemandangan. * Bermain Air: Berenang, bermain pasir, atau membangun istana pasir bersama keluarga. * Menikmati Sunset: Saksikan keindahan matahari terbenam yang memukau dari bibir pantai. * Berkeliling Pantai: Jelajahi setiap sudut pantai untuk menemukan spot-spot menarik. Tips Berkunjung ke Pantai Tengket: * Waktu Terbaik: Kunjungi pantai pada pagi atau sore hari untuk menghindari terik matahari. * Bawa Perlengkapan: Jangan lupa membawa sunscreen, topi, kacamata hitam, dan perlengkapan mandi. * Jaga Kebersihan: Buang sampah pada tempatnya dan jangan merusak lingkungan sekitar. Kesimpulan Pantai Tengket adalah pilihan yang tepat bagi Anda yang ingin menikmati keindahan alam sambil melepas penat. Dengan segala keindahan dan fasilitas yang ditawarkan, pantai ini layak untuk dikunjungi. [Gambar Pantai Tengket] Apakah Anda ingin tahu lebih banyak tentang Pantai Tengket? Misalnya, tentang akomodasi di sekitar pantai, kuliner khas, atau event-event yang sering diadakan. Yuk, bagikan pengalaman liburanmu di Pantai Tengket di kolom komentar! #pantaitentengket #madura #wisatapantai #exploremadura Disclaimer: Kondisi pantai dapat berubah sewaktu-waktu, sebaiknya cek informasi terbaru sebelum berkunjung. Penting: Agar review ini lebih lengkap, tambahkan informasi seperti: * Waktu Kunjungan: Kapan Anda mengunjungi pantai ini? * Fasilitas: Apa saja fasilitas yang tersedia di pantai (toilet, tempat parkir, warung makan)? * Hal yang Disukai: Apa yang paling Anda suka dari pantai ini? * Saran: Apakah ada saran untuk pengelola pantai atau pengunjung lain? Dengan informasi tambahan ini, reviewmu akan semakin bermanfaat bagi orang lain yang ingin berkunjung ke Pantai Tengket.",2025-09-23,2025,9,2025-09,Pantai Tengket,Tempat Umum,5.0
REV006137,ulasan,Spot fotonya bagus banyak gazebo nya cuman kebersihan kurang,2025-09-23,2025,9,2025-09,Pantai Tengket,Tempat Umum,3.0
REV006138,ulasan,"Pantainya bersih, banyak warung dan tenda yg bisa dijadikan tempat istirahat, harga makanan terjangkau, pelayanan parkirnya walo agak mahal tapi worth it, krn ban mobil saya sempat terselip gercep dibantuin sampai selesai 👍 ...",2025-09-23,2025,9,2025-09,Pantai Tengket,Tempat Umum,5.0
REV006144,ulasan,"Pantai nya bagus.. pantai dgn pasir putih dan air yg masih biru.. Lumayan dekat dr Surabaya.. Hanya saja Medan menuju ke pantai nya sulit . Jalan masih berbatu dan sempit, cukup utk 1 mobil aja. Dan di sekitar lokasi pantai masih banyak sampah berserakan.. Tapi pantainya bagus banget..",2024-09-23,2024,9,2024-09,Pantai Tengket,Tempat Umum,5.0
REV006146,ulasan,Suasana bgs bgt dan bersih,2024-09-23,2024,9,2024-09,Pantai Tengket,Tempat Umum,4.0
REV006150,ulasan,"Htm motor 5k. Ombak tenang, warung dan gazebo tersedia, bilik toilet . Pantai cukup bersih dulunya, pengunjungnya kurang sadar buang sampah padahal sudah disediakan tong sampah ... Paling sering ditemukan popok bayi 😄 😅 ...",2024-09-23,2024,9,2024-09,Pantai Tengket,Tempat Umum,4.0
REV006153,ulasan,"Pantai nya bagus, masih alami...cuma jalan nya yg dekat pantai, agak serem, kalo air pasang sptnya ga bisa dilewati...",2024-09-23,2024,9,2024-09,Pantai Tengket,Tempat Umum,4.0
REV006154,ulasan,"2 jam dr Sby via Suramadu. Pantai pasir putih terdekat dr Sby, tp bny karang dan batu yg bikin tdk leluasa berlarian.. 🤭 Sampah sll ada, tp msh mending drpd pantai2 di Sby. Lumayan bagus dan jernih kehijauan airnya. Free HTM, hny parkir 5rb (motor) dan 20rb (mobil). Paling enak kesini waktu pagi dibawah jam 10, ato sore diatas jam 3. Klo dtg siang, duduk2 cozy di bungalow sambil menikmati semilir angin pantai jg oke sih, harga mamin di warung jg normal",2024-09-23,2024,9,2024-09,Pantai Tengket,Tempat Umum,4.0
REV006156,ulasan,"Pantai bersih dan asri, Harga tiket masuk kendaraan: > Mobil Rp.20.000,- > Motor Rp.5.000,- Untuk harga makanan yang disediakan di sekitar area pantai juga cukup terjangkau. Yang perlu ditingkatkan adalah akses jalan yang menuju ke lokasi pantai agar lebih mudah diakses. Terima kasih. 14 Juli 2023",2024-09-23,2024,9,2024-09,Pantai Tengket,Tempat Umum,4.0
REV006158,ulasan,"Jorok tempatnya ga ada tempat sampah,jadinya banyak sampah sampah berserakan",2024-09-23,2024,9,2024-09,Pantai Tengket,Tempat Umum,1.0
REV006159,ulasan,"pantai tersembunyi, akses jalan hanya melalui perkampungan penduduk. paair bagus. sayang banyak kotoran/sampah.",2024-09-23,2024,9,2024-09,Pantai Tengket,Tempat Umum,3.0
REV006163,ulasan,Sudah dikelola dengan baik. Tidak ada sampah di pantai,2024-09-23,2024,9,2024-09,Pantai Tengket,Tempat Umum,5.0
REV006167,ulasan,Bagus sekaliii tempat indah nyaman orang nya ramah2 juga bersih 😍 ...,2024-09-23,2024,9,2024-09,Pantai Tengket,Tempat Umum,5.0
REV006168,ulasan,"Saya berkunjung kesini tanggal 19-8-2023 . . . . . . Menurut saya tempatnya lumayan enak dan nyaman karena bersih dari sampah , HTM cuma 5 ribu aja di depan untuk biaya parkir . . . . . . . Kalau siang tergolong panas , lebih cocok ke sini waktu sore hari karena lebih sejuk menikmati angin sepoi sepoi dari laut . . . . . . . Harga pop mie disini terjangkau karena cuma 8 ribu , kalau di tempat wisata lain pasti sudah di genapin jadi 10 ribu wkwk wkwk . . . . . . . . Untuk harga minuman saya cuma beli pop ice saja gelas plastik reguler dengan harga 5 ribu yah standard lah ya . . . . . . . . Untuk toilet ada , gratis , tapi pintu nya tidak bisa dikunci hehe . . . . . . . . . Kalau kesini siap siap karena jalan arah ke pantai jalan nya berbatu dan berpasir . . . . . . . . Saya tempuh perjalanan dari Kenjeran ke sini butuh waktu hampir 2 jam . . . . . . . . Kalau bisa pulang cepat saat setelah melihat sunset jangan terlalu malam karena minim nya penerangan jalan . . .",2023-09-23,2023,9,2023-09,Pantai Tengket,Tempat Umum,5.0
REV006171,ulasan,"The best view of Sunrise, pantai bagus, aman, dan terjangkau mohon untuk kepada pengunjung, pengelola pantai dan wabil khusus kepada perangkat desa setempat untuk senantiasa merawat serta menjaga kebersihan pantai karena masih banyak sampah yang berserakan dan pengolahan sampah warung juga belum optimal",2023-09-23,2023,9,2023-09,Pantai Tengket,Tempat Umum,5.0
REV006175,ulasan,"Opsi pantai yg dekat dgn Surabaya nyebrang Suramadu, pasir nya bener2 putih air nya jernih biru kehijauan Cmn minim toilet, tempat ganti tdk ada, mushola juga tdk ada, banyak sampah plastik dan sampah Pampers berkeliaran Di saran kan bawa topi, kacamata hitam dan pakai sunblock. Karna puanassss Tapi baguss 👌 👏 👍",2023-09-23,2023,9,2023-09,Pantai Tengket,Tempat Umum,4.0
REV006176,ulasan,Sebenarnya bagus pantai ini..sayang kotor dan tidak terawat fasilitasnyab,2023-09-23,2023,9,2023-09,Pantai Tengket,Tempat Umum,4.0
REV006177,ulasan,Setiap kesana mesti bagus banget pemandangannnya airnya gak ada kotorannya sekali dan jika airnya surut kelihatan banget pazinya ituu pokoknya wajib deh kesini,2023-09-23,2023,9,2023-09,Pantai Tengket,Tempat Umum,5.0
REV006181,ulasan,"Mantep pertama kali ke sini lumayan,tapi sayang sampah masih berserakan",2023-09-23,2023,9,2023-09,Pantai Tengket,Tempat Umum,5.0
REV006183,ulasan,sayang ranting kayu ama sampahnya masih berserakan.....coba bersih bagus lho pantainya,2023-09-23,2023,9,2023-09,Pantai Tengket,Tempat Umum,3.0
REV006186,ulasan,"Pantai pasir putih bagus tp jalan masuknya sempit. Pas kesana hari kerja, wc banyak yg tutup. Minus air utk bilas gak ada.",2023-09-23,2023,9,2023-09,Pantai Tengket,Tempat Umum,4.0
REV006187,ulasan,"Baguss banget, bersih, ga nyangka ada pantai bagus di bangkalan madura, agak sayang akses nya susah lewat kampung yang jalanan kecil, kalo mobil mungkin agak susah",2023-09-23,2023,9,2023-09,Pantai Tengket,Tempat Umum,5.0
REV006189,ulasan,"Tempatnya kurang bersih, banyak kayu kayu dan plastik berserakan di sungainya",2023-09-23,2023,9,2023-09,Pantai Tengket,Tempat Umum,3.0
REV006191,ulasan,"Perjalanan dari Surabaya, jalan menyenangkan dan mulus. Hanya akses masuknya memang sempit, tapu masih sangat bisa dilalui. Uang parkir mobil IDR 20,000. Uang masuk gratis. Sayang sekali banyak sampah. Padahal pasir dan pemandangannya betul-betul indah. Pasirnya sangat amat halus, seperti di ayak. Bukan berupa butiran seperti pantai yang biasa saya datangi di Bali. Warung makan ada banyak. Jual pop mie, rujak, bakso dan berbagai macam minuman dingin dan biasa. Kopi sachet pun ada. Mohon pengelola lebih perhatian lagi terhadap sampah yang ada disana. Lebih baik lagi diingatkan atau dibikin saja denda jika ada yang buang sampah tidak di tempatnya. Terimakasih.",2023-09-23,2023,9,2023-09,Pantai Tengket,Tempat Umum,4.0
REV006192,ulasan,"Tempat yang tepat untuk refreshing, pasir putih + air laut tenang dan bening. Sudah ada fasilitas toilet dan warungnya",2023-09-23,2023,9,2023-09,Pantai Tengket,Tempat Umum,5.0
REV006193,ulasan,pantai nya sangat bersih dan udara nya bersih sambil melihat pemandang awan mendung di sore hari 👍 👍 Gak kalah sama pantai di pulau Bali buruan deh kesini biar tidak penasaran,2022-09-23,2022,9,2022-09,Pantai Tengket,Tempat Umum,5.0
REV006194,ulasan,"Jujur tempatnya banyak sampah, kemungkinan saat air laut pasang sampah2 tersebut terbawa ke pantai. Tapi untuk air kelihatan jernih. Pantainya cukup dangkal, jadi cocok buat main sama anak. Untuk akses menuju pantai, sempit hingga cukup dilalui untuk mobil dari satu arah saja. Dan area jalan pantai berpasir sehingga agak sulit bagi pesepeda motor. Fasilitas di sini ada: toilet, warung2, gubuk2, spot foto. Untuk mushola di sini tidak ada, kata warga sana hancur gara2 gelombang tinggi saat letusan gunung Semeru meletus tahun 2021 silam. Jadi saya waktu itu sholat ashar di warung warga, untuk wudhu langsung pake air laut. Untuk masuk cukup bayar parkir saja, 5k untuk sepeda motor dan 20k untuk mobil.",2022-09-23,2022,9,2022-09,Pantai Tengket,Tempat Umum,5.0
REV006198,ulasan,"Pantai yang cukup indah, namun belum dikelola cukup baik. Masalah kebersihan masih jadi faktor utama...",2022-09-23,2022,9,2022-09,Pantai Tengket,Tempat Umum,4.0
REV006199,ulasan,"Ini beneran Ada pantai pasir putih di Bangkalan Madura ... View best banget .. Keren maximal, Bisa untuk anak2 main air dan main pasir putihnya tinggal di rapihkan aja utk akses masuknya biar bisa 2 mobil masuk dan area parkir lalu jalan menuju parkirannya... pasir pure white sand tuh jalan 😁 .. Gw sih masuk gratis alias free of charge .",2022-09-23,2022,9,2022-09,Pantai Tengket,Tempat Umum,4.0
REV006201,ulasan,"pantainya sebenarnya bagus, hanya saja sangat disayangkan sekarang banyak sampaahh... lalu pemandian / tempat bilas juga cuma 1. itupun airnya habis waktu saya kesana. harusnya disediakan banyak tempat sampah yang tersebar di berbagai titik, agar pengunjung juga ga sembarangan buang sampahnya. warung2 juga asal buang sampahnya. tolong dong, jaga lingkungannya, sayang sekali jika pantai sebagus ini bisa kotor karena sampah2 kalian.",2022-09-23,2022,9,2022-09,Pantai Tengket,Tempat Umum,2.0
REV006202,ulasan,Pantai tengket di desa sepuluh Bangkalan. Sebenarnya kesini bukan liburan yah .karna ada saudara menikah dekat sini jadi sekalian mampir .pantai nya indah masih alami menurut aku ya .pesan nya cuma satu yuk saling jaga yang mau berlibur kesini tolong jangan buang sampah sembarang ya sayang .toh pantai yang indah klo bukan kita yang jaga siapa lagi iya kan. Klo kita berlibur tempat nya indah bersih kotor juga alami bukan nya ikut seneng dan nyaman buat kita sendiri betul kan ?,2022-09-23,2022,9,2022-09,Pantai Tengket,Tempat Umum,5.0
REV006206,ulasan,"Pantai dengan pasir putih, airnya bening bsnget. Sayang masih banyak sisa-sisa bungkus plastik berserakan di bibir pantai. Pas kesana sore hari, ombaknya tenang, pengunjung gak seberapa rame, jadinya anak-anak kurang puas main air. Pemandangan di sore hari bagus banget. Akses dari jalan raya ke pantai hanya muat 1 mobil (hatchback, sedan, SUV, MPV). Harga tiket Motor = Rp. 5000 Mobil = Rp. 10000",2022-09-23,2022,9,2022-09,Pantai Tengket,Tempat Umum,5.0
REV006207,ulasan,"Sebenarnya tempatnya bagus, pasirnya lumayan bersih, view-nya bagus, cuma mulai banyak wisatawan yang berkunjung jadi banyak sampah, kurang tersedia tempat sampah, banyak sampah berserakan, jadi kurang nyaman. toilet kadang airnya habis. Rute masuknya pun agak susah, masuk area perumahan warga, jalan cuma cukup 1 mobil. Semoga pengelola nantinya bisa lebih aware soal kenyamanan para pengunjung nya, kan sayang nantinya jadi tambah kotor pantainya, bisa ditambah tempat sampah, diperbaiki jalan masuknya dll. 😊",2022-09-23,2022,9,2022-09,Pantai Tengket,Tempat Umum,4.0
REV006211,ulasan,"Aseliii ini berasa privat pantai sih hehe. Lokasi pantai dari jalan raya agak jauh, jalanan sempit dan rusak. Untuk mobil hanya bisa 1 arah, mungkin kalau sisipan agak bingung untuk putar balik / belok karna kanan kiri sudah sawah. Kalau naik motor masih bisa untuk 2 arah Melewati pemukiman warga, kalau hujan jalanan agak licin karna masih tanah dan bebatuan kecil. Belum ada aspal HTM 5.000 per motor, banyak warung juga di dekat pantai. Ada toilet juga Pantai agak kurang terawat untuk ranting""nya, airnya jernih pasirnya lembut, ombak juga tidak tinggi. Cocok untuk anak"" yg ingin berenang di pinggir pantai / bermain pasir",2022-09-23,2022,9,2022-09,Pantai Tengket,Tempat Umum,5.0
REV006212,ulasan,Bersih dan Indah,2022-09-23,2022,9,2022-09,Pantai Tengket,Tempat Umum,5.0
REV006213,ulasan,Bagus sih.. tapi banyak sampah 😥 ...,2022-09-23,2022,9,2022-09,Pantai Tengket,Tempat Umum,3.0
REV006215,ulasan,pantai nya cantik dengan pasir coklat terang dan air laut biru kehijauan tapi banyak sampah . Ada penjual makan. Pintu masuk menuju arah pantai melewati rumah warga dan sempit cukup 1 mobil. Semoga bisa diperbaiki dan jadi pantai yang cantik lagi 👍 😁 ...,2022-09-23,2022,9,2022-09,Pantai Tengket,Tempat Umum,3.0
REV006216,ulasan,"Bagus,alami,dan asri.. Cocok buat berwisata bersama keluarga. Meski masih banyak sampah ranting2 pohon yg berserakan,di maklumi saja.karena pantai ini di kelola oleh masyarakat sekitar.. Kalau cari lokasi yg bersih,dan ada tempat ber selfi ria,.cari di depan warung2,karena jelas sekitar tmpt itu selalu di bersihkan.tapi syarate hrs beli makanan/minuman,karena mereka menyediakan lokasi foto jg mengharap pemasukan dr dagangannya..",2022-09-23,2022,9,2022-09,Pantai Tengket,Tempat Umum,4.0
REV006217,ulasan,"Pantai sangat sejuk dan terkesan privat,mungkin karena jauh akses jalan yg kurang memadai dan kurang perawatan. Htm 5rb motor / mobil 10rb Warung ada cuma sedikit,banyak gazebo yg kurang keurus Akses masuk makadam ±1km,dan mobil hanya bisa 1 jalan (kalau simpangan dgn mobil lain,sangat susah) Overall,pantai nya bagus bgt dgn angin yg sejuk sekali Semoga segera ada perbaikan akses jalan",2022-09-23,2022,9,2022-09,Pantai Tengket,Tempat Umum,5.0
REV006220,ulasan,"Kalo bingung mau liburan pantai daerah Bangkalan Madura Dateng aja ke sini tempatnya sangat bagus buat liburan, airnya juga bersih, banyak jajanan terjangkau",2022-09-23,2022,9,2022-09,Pantai Tengket,Tempat Umum,5.0
REV006223,ulasan,Perlu perawatan lebih terutama akses jalan dan mck...,2022-09-23,2022,9,2022-09,Pantai Tengket,Tempat Umum,3.0
REV006224,ulasan,"Pantai terbagus di bangkalan, pasir putih belum banyak pengunjung, sayang masih banyak sampah. Akses 1km sebelum ke bibir pantai, melewati jalan sempit, jalan masih tanah bergelombang, cukup untuk 1 mobil aja, lewat gang kampung rumah warga. Jangan kaget ya waktu awal masuk bibir pantai, kayak pantai mati dan ga keurus, ternyata masih lurus lagi baru sampai di area wisata pantai 😄 Htm 20k/ mobil Banyak orang jualan dan tempat duduk Kalau kesana jangan malem, jalanan sepi dan minim lampu jalan",2022-09-23,2022,9,2022-09,Pantai Tengket,Tempat Umum,4.0
REV006225,ulasan,"Bagus buat santay atau liburan, cuma tempatnya kurang bersih",2022-09-23,2022,9,2022-09,Pantai Tengket,Tempat Umum,5.0
REV006228,ulasan,Enak banget buat weekend bersama keluarga. Tempatnya mudah dijangkau dan indah banget suasanaya. Pasir putih dan air laut yang tenang dan jernih menambah eksotis tempat ini. Rekomended banget sebagai tempat bersantai.,2022-09-23,2022,9,2022-09,Pantai Tengket,Tempat Umum,5.0
REV006229,ulasan,"Airnya jernih, view foto bagus banget",2022-09-23,2022,9,2022-09,Pantai Tengket,Tempat Umum,5.0
REV006230,ulasan,"Pantainya bagus bersih, minta tolong untuk pengunjung jangan buang sampah sembarangan, kurang akses jalan karena masih jalan kampung warga",2022-09-23,2022,9,2022-09,Pantai Tengket,Tempat Umum,4.0
REV006232,ulasan,Kekurangannya hanya toilet dan musholla serta aksesnya bisa dibenahi lagi krn lumayan sulit jika menggunakan mobil,2022-09-23,2022,9,2022-09,Pantai Tengket,Tempat Umum,4.0
REV006234,ulasan,akses menuju pantai bila naik mobil agak susah jalan nya kecil .. tp pantai bagus cm sayang ada sampah bekas pamper. utk sekedar foto ...view lumayan bagus,2022-09-23,2022,9,2022-09,Pantai Tengket,Tempat Umum,5.0
REV006236,ulasan,"Tempat sangat indah berasa kuta nya Bali... Semoga kedepan aksesnya lebih bagus, fasilitas umumnya d tambah Toilet dan Musholla, Semangat Bangkalan....",2022-09-23,2022,9,2022-09,Pantai Tengket,Tempat Umum,4.0
REV006238,ulasan,Sebenarnya bagus tapi banyak yg buang sampah sembarangan.... masih sepi juga.... jadi enak...,2021-09-23,2021,9,2021-09,Pantai Tengket,Tempat Umum,4.0
REV006240,ulasan,Pantai nya bagus Coba ditibgkatkan lagi kebersihan nya,2021-09-23,2021,9,2021-09,Pantai Tengket,Tempat Umum,4.0
REV006242,ulasan,"Pemandangan sudah sangat okey bintang 5 Penataan tempat juga okey sekali yang bikin minus kamar mandi.nya kurang, ada tapi, tidak ada airnya Mungkin karena pandemi banyak area permainan yg rusak dan tidak terawat",2021-09-23,2021,9,2021-09,Pantai Tengket,Tempat Umum,4.0
REV006249,ulasan,"Pantainya masih sepi,tp bagus bersih dan alami,ombakpun cukup tenang.cocok pula menikmati keindahan sunset.g nyesel jika kalian kesana.tenda2 pinggir pantai bisa di nikmati gratis untuk sekedar duduk2 atau tiduran menikmati alam pantai tengket Tiket masuk cuma 5rb untuk motor dan 20rb untuk mobil.murah meriah kan.petugas maupun pedagang disana ramah2.harga makanan dan minuman juga masih terjangkau. Oh ya,jalan masih masih sempit berkerikil.mungkin bus belum bisa masuk.semoga nanti bakal di kembangkan lagi,mslh pelebaran dan perbaikan jalan.#tengketcantik",2021-09-23,2021,9,2021-09,Pantai Tengket,Tempat Umum,4.0
REV006261,ulasan,Tempatx indah dan bersih 😊 😊 😊 ...,2021-09-23,2021,9,2021-09,Pantai Tengket,Tempat Umum,4.0
REV006263,ulasan,"Pantai yang indah Sudah 4x main kesini, hehehe... Ramah anak2, tapi tetap dalam pengawasan juga ya. Suka banget sama pantai tengket, bersih & seger banget. Klo sudah merasa penat di kota, pasti liburannya dipantai tengket ini. Hanya bayar parkir 5000 saja",2021-09-23,2021,9,2021-09,Pantai Tengket,Tempat Umum,5.0
REV006266,ulasan,"Bagus,bersih dan ada tempat duduknya serta warung dan lain lain",2021-09-23,2021,9,2021-09,Pantai Tengket,Tempat Umum,4.0
REV006267,ulasan,"Memang sudah menjadi tempat wisata, tp masih kotor dan kesannya lbih buruk dari pada dulu waktu masih belum ter ekspose menjadi tempat wisata, dulu pantai ini asri masih alami",2021-09-23,2021,9,2021-09,Pantai Tengket,Tempat Umum,4.0
REV006279,ulasan,"Salah satu destinasi wisata yang wajib d kunjungi ketika anda berkunjung madura,,khususnya d daerah bangkalan,,pantainya bersih,bnyak warung makan yang menyediakan kuliner yang beraneka ragam,,rekomendasi yang harus d coba adalah rujak petis Dengan kuah pindang yang khas dari tempat ini,,akses jalan masi membingungkan Karna masi harus melewati pemukiman penduduk yg jlanx tidak terlalu lebar,,SELAMAT MENCOBA!!!",2021-09-23,2021,9,2021-09,Pantai Tengket,Tempat Umum,4.0
REV006280,ulasan,"Tempat nyantai nyaman untuk yang suka pantai, dengan pantainya yang bersih.",2021-09-23,2021,9,2021-09,Pantai Tengket,Tempat Umum,3.0
REV006282,ulasan,"Bagus, tidak terlalu ramai, cocok untuk bersantai, harga masih wajar, air jernih",2021-09-23,2021,9,2021-09,Pantai Tengket,Tempat Umum,5.0
REV006283,ulasan,"Bagus, namun bs ditata lbh bersih lg dr sampah",2021-09-23,2021,9,2021-09,Pantai Tengket,Tempat Umum,4.0
REV006284,ulasan,Banyak sampah juga pecahan2 kaca/botol dibersihkan. Toilet juga kurang ok. Kalau bisa sediakan air shower diluar untuk pengunjung bilas setelah berenang.,2021-09-23,2021,9,2021-09,Pantai Tengket,Tempat Umum,3.0
REV006287,ulasan,Bagus pemandangan dan pantainya. Hanya kurang ada kesadaran pengunjung akan sampah,2020-09-23,2020,9,2020-09,Pantai Tengket,Tempat Umum,5.0
REV006289,ulasan,"Keren,tapi kurang dijaga kebersihannya...",2020-09-23,2020,9,2020-09,Pantai Tengket,Tempat Umum,3.0
REV006297,ulasan,"Biaya 10 ribu. Pantai ini sangat alami, Anda bisa duduk di gazebo dengan pemandangan pantai, jadi tolong jangan merusak pantai dengan sampah.",2020-09-23,2020,9,2020-09,Pantai Tengket,Tempat Umum,4.0
REV006302,ulasan,Pantainya bersih dan sangat enak buat foto sunset Minus: jalan masuknya agak sempit yang hanya bisa dilewati 1 mobil saja,2020-09-23,2020,9,2020-09,Pantai Tengket,Tempat Umum,5.0
REV006303,ulasan,Tempatnya lumayan. bersih dan indah Bagus buat bermain bagi anak anak,2020-09-23,2020,9,2020-09,Pantai Tengket,Tempat Umum,3.0
REV006309,ulasan,Bagus sekali dan jangan lupa jagalah kebersihan. Jangan buang sampah sembarang yuk mari kita rawar bersama,2020-09-23,2020,9,2020-09,Pantai Tengket,Tempat Umum,5.0
REV006311,ulasan,Hanya butuh akses jalan dan kebersihan ditingkatkan. Pantai dengan ciri khas rumput lari-lari,2020-09-23,2020,9,2020-09,Pantai Tengket,Tempat Umum,4.0
REV006314,ulasan,"Tempatnya bagus, terkelola dg baik.. Ada mushola dan toilet 👍 ...",2020-09-23,2020,9,2020-09,Pantai Tengket,Tempat Umum,5.0
REV006316,ulasan,"Klo bisa pengelola memperhatikan kebersihan pantainya biar tambah pengunjungnya,ditambahkan mainan utk anak biar menarik pengunjung pantai",2020-09-23,2020,9,2020-09,Pantai Tengket,Tempat Umum,4.0
REV006320,ulasan,"pantainya bagus,tolg diperbanyak tong sampahnya!",2020-09-23,2020,9,2020-09,Pantai Tengket,Tempat Umum,5.0
REV006335,ulasan,"Pengambilan sunset terbaik jika matahari tepat ada di barat laut... , pasir putih ,tapi kurang sosialisasi sehingga masih ada sampah dipinghirang selebihnya TOP",2019-09-23,2019,9,2019-09,Pantai Tengket,Tempat Umum,5.0
REV006337,ulasan,Kotor. Gak diurus,2019-09-23,2019,9,2019-09,Pantai Tengket,Tempat Umum,4.0
REV006340,ulasan,"Beautiful...!!! Pantai ini sangat cantik, dengan hamparan pasir putih perak yang sangat luas. Ramai dengan cericit aneka burung. Juga, suasananya nyaman dan rindang karena dinaungi aneka jenis mangrove besar-besar yang tumbuh di sini. Jika kita bermain di airnya, rasanya sangat sensasional karena kita akan menemukan banyak ikan-ikan kecil berenang di sekitar kaki kita. Dan jika air surut maka kita bisa berburu dan mengumpulkan aneka kerang, tiram bahkan kepiting.",2019-09-23,2019,9,2019-09,Pantai Tengket,Tempat Umum,5.0
REV006342,ulasan,"Berawal dari iseng mencari di internet tentang wisata apa saja yang bisa dikunjungi di Bangkalan, maka muncullah nama ""Pantai Tengket"". Pantai yang masih sepi dan berpasir putih bersih ini rasanya ingin segera didatangi. Namun, saat melakukan pencarian di Google Maps, hanya menemukan Tag lokasi pantai ini. Dugaan saya dan adik saya, pasti bisa ditempuh dengan berjalan kaki karena terlihat di peta kalau pantai ini sudah dekat, apa daya lebih dari 3 jam berputar-putar, bertanya sana sini kepada penduduk sekitar dengan bahasa yang tidak kami pahami (Bahasa Madura), akhirnya hanya bisa mengikuti petunjuk lewat bahasa isyarat yang diberikan warga, dan lagi-lagi nyasar. Tanya kepada orang lain, malah diberikan arah yang berbeda. Menyusuri jalan sempit tambak garam, melewati hutan hingga perkampungan penduduk tetap saja tidak ketemu ! Karena kelelahan kami beristirahat di pinggir jalan tambak garam dekat sungai dengan lapangan yang luas. Tiba-tiba mata saya tertuju pada rerumputan liar yang tumbuh diatas tambak yang mengering. Rerumputan itu sangat banyak dan luas. Uniknya warna nya merah keunguan dan sangat banyak ! Tak membuang waktu, kami langsung ambil kamera, jepret sana-sini, lalu menerbangkan drone ! Selain rerumputan merah liar, yang kami temui adalah sungai yang berkelok-kelok dan sangat indah jika dilihat dari drone. Mungkin belom rejeki kami bisa sampai ke pantai ini, tapi kami masih diberi kesempatan untuk memotret hal unik dan antimainstream ini.",2019-09-23,2019,9,2019-09,Pantai Tengket,Tempat Umum,3.0
REV006343,ulasan,Banyak sampah...untuk tempat teduh...tidak panas,2026-07-23,2026,7,2026-07,Pantai batu malang,Tempat Umum,4.0
REV006349,ulasan,mobil bisa masuk. bisa buat camping juga. ada warkop. kamar mandi. pantainya banyak sampah (botol kaca bekas juga) tapi luas banget. nyoba mancing g dapet2.,2026-01-23,2026,1,2026-01,Pantai batu malang,Tempat Umum,5.0
REV006352,ulasan,"Pantai penuh sampah, batu pinggir pantai bercampur pecahan beling",2025-09-23,2025,9,2025-09,Pantai batu malang,Tempat Umum,1.0
REV006353,ulasan,"Sebenarnya ini Pantai bagus sih. Airnya lumayan jernih, cuman yg bikin sayang banyak sampah berserakan di Sekitanya. Bahkan td malah ada bapak2 minum air mineral di warung ,terus botol bekasnya dilempar saja di pantai. Astaga apa orang sana memang kalau buang sampah suka sembarangan yah. Masuk gratis yah cuman bayar parkir saja, motor= 5k / Mobil = 10k",2025-09-23,2025,9,2025-09,Pantai batu malang,Tempat Umum,4.0
REV006355,ulasan,Keren dan bersih...,2025-09-23,2025,9,2025-09,Pantai batu malang,Tempat Umum,5.0
REV006359,ulasan,banyak sampah.. pantai bagus tp banyak sampah.penjual dsitu juga buang sampah sembarangan,2024-09-23,2024,9,2024-09,Pantai batu malang,Tempat Umum,3.0
REV006361,ulasan,"banyak sampah, sepadan karena gada tiket masuk cuman bayar parkir 3000. saran harus ditingkatkan kebersihannya juga termasuk fasilitas, dan setelah rapi bersih buka loket tiket, bukankah itu menguntungkan?",2024-09-23,2024,9,2024-09,Pantai batu malang,Tempat Umum,3.0
REV006362,ulasan,"Pantai ini cukup nyaman untuk dikunjungi. Ada juga beberapa fasilitas yang menunjang pantai ini, seperti warkop, parkiran, toilet, dan beberapa tempat untuk bersantai. Untuk mengakses pantai ini cukup mudah. Jalan masuk berada di tepi jalan raya, namun jalannya menurun, karena pantai berada di bawah jalan raya. Jalan menuju pantai juga cukup bagus Dan tidak terlalu miring. Setalah menuruni jalan, ada dua lahan parkir yang cukup luas dan teduh. Di depan bangunan ada parkir untuk motor, sedangkan untuk mobil berada di samping, di lahan yang kosong. Biaya parkir disini untuk motor hanya Rp5000 saja, dan tempat parkir selalu dijaga dengan baik (selalu ada penjaga yang standby di jalan masuk). Di pantai ini ada warkop, tipikal warkop warkop pada umumnya. Disini juga ada tempat untuk nongkrong, baik di tepi warkop atau di tepi laut. Selain itu, ada juga warung lain yang menjual makanan dan minuman ringan. Pemandangan pantai ini cukup indah. Dari pantai ini dapat terlihat Jembatan Suramadu dan juga gedung-gedung pencakar langit di Surabaya. Pengunjung bisa sekedar bersantai menikmati keindahan pantai. Selain itu, pengunjung juga bisa mencari kerang, bahkan bermain air. Toilet disini juga cukup nyaman. Namun harus lebih hemat karena keran airnya berada di luar (disalurkan melalui keran) sehingga jika habis tidak bisa dinyalakan. Di sebelah timur dari pantai ini juga terdapat punden yang nampaknya dikeramatkan oleh warga sekitar. Kekurangan dari tempat ini sama seperti pantai lainnya, yaitu banyak sampahnya. Alangkah baiknya jika pengelola menyediakan beberapa tempat sampah, karena saat saya ke sana, saya agak kesulitan mencari tempat sampah. Dan juga dimohon kesadaran dari para pengunjung untuk minimal tidak buang sampah sembarang. Lebih baik lagi jika membantu membersihkan beberapa sampah.",2024-09-23,2024,9,2024-09,Pantai batu malang,Tempat Umum,4.0
REV006364,ulasan,"Pantainya kotor, banyak sampah berserakan. Dulu sempat ada pembersihan dari anak kuliah, sebelum itu jauh lebih kotor. Tolong pengunjung dan pengelola turut andil menjaga kebersihan, pengelola juga tolong sediakan tempat sampah. Biaya parkir juga terhitung lumayan, tapi dijaga dengan aman",2024-09-23,2024,9,2024-09,Pantai batu malang,Tempat Umum,3.0
REV006366,ulasan,Sampah nya di bersihin...view lumayan bagus tapi sampah nya berserakan,2024-09-23,2024,9,2024-09,Pantai batu malang,Tempat Umum,3.0
REV006367,ulasan,"Sayang lupa moto. Bagoes banar nah pemandangan dan fasilitias gazebo gretong. Ada 1 gazebo besar muat 5 keluarga dan ada 1 gazebo kecil muat 1-2 keluarga. Jembatan Surabaya - Madura kelihatan jelas banget, anggun banget, bermanfaat banget. Srby kelihatan banget. Pantai berbatu, berkerang. Tuk mandi airasin ya kurang cocok. Pemandangqn ok banget. WC ada dua. Tiketmasuk gada, cuman bayar parkir aja ke penjaga Rp 5 ewu motor, mobil Rp 10 ewu. Ada kafe ya, suasana kafe sangat berkelas. Berkah barokah, makasih banar makasih, aamiiin",2024-09-23,2024,9,2024-09,Pantai batu malang,Tempat Umum,5.0
REV006368,ulasan,"bagus tapi banyak sampah, pas sunset bagus",2024-09-23,2024,9,2024-09,Pantai batu malang,Tempat Umum,4.0
REV006369,ulasan,Tempatnya panas mas8h banyak sampah masih perlu banyak perbaikan sih,2024-09-23,2024,9,2024-09,Pantai batu malang,Tempat Umum,4.0
REV006372,ulasan,Sedikit kotor sampah kiriman,2024-09-23,2024,9,2024-09,Pantai batu malang,Tempat Umum,4.0
REV006377,ulasan,Banyak timbunan sampah Tapi meskipun tanahnya hitam tapi keong dan biota lautnya banyak,2024-09-23,2024,9,2024-09,Pantai batu malang,Tempat Umum,4.0
REV006378,ulasan,Plus + View nya bagus (laut dan sunset) Angin nya sejuk Jarak lokasi dan parkir dekat Bisa main air Bisa ikut mencari kerang dengan warga sekitar Bisa berinteraksi dengan warga lokal Minus - (harapan) Tolong sampah nya secara rutin di bersihkan Tolong suplai air buat toilet di tambah Tolong di sediakan tempat sholat,2023-09-23,2023,9,2023-09,Pantai batu malang,Tempat Umum,5.0
REV006384,ulasan,"Tidak apa-apa, hanya saja kurang banyak sampah.",2023-09-23,2023,9,2023-09,Pantai batu malang,Tempat Umum,3.0
REV006386,ulasan,"Pantai bersih, sepi dan nyaman sekali buat nenangin diri.. pemandangan juga sangat indah, bakal jadi spot favorit karena dekat dari Surabaya..",2023-09-23,2023,9,2023-09,Pantai batu malang,Tempat Umum,5.0
REV006390,ulasan,"Kotor, bau, panas",2023-09-23,2023,9,2023-09,Pantai batu malang,Tempat Umum,2.0
REV006391,ulasan,"Sayang kotor, warung rujaknya juga tutup",2023-09-23,2023,9,2023-09,Pantai batu malang,Tempat Umum,2.0
REV006392,ulasan,"Pantainya kotor, sampahnya numpuk, dan banyak sampah bekas botol kaca. Aksesnya mudah, deket sama Surabaya. Meski gangnya agak esktrem turunannya. Parkir luas, bayar 5rb buat motor.",2022-09-23,2022,9,2022-09,Pantai batu malang,Tempat Umum,4.0
REV006396,ulasan,"Sudah dr tahun lalu sering kesini, dan baru beberapa hari lalu kesini lagi, jujur ini pantai yg bersih yg dekat dg surabaya. Spot nyore yg aesthetic juga, sayangnya entah kenapa sekarang cafe dan warungnya tutup. Atau saya yg datang kesorean mungkin. Kalo kesini berasa private beach ya di weekday, sepi, tenang, bersih. Disini cuma bayar parkir aja. Motor 5k dan mobil 10k. Semoga kedepannya ada yg mengelola pantai ini jadi lebih baik lagi.",2026-08-23,2026,8,2026-08,Pantai Goa Petapa,Tempat Umum,5.0
REV006397,ulasan,"Sudah pada 2x datang kesini. Tempatnya lumayan bersih dibanding kenjeran. Semoga tetap bersih dari sampah. Tolong dijaga tempatnya biar makin indah Terakhir datang cuma bayar parkir saja 5k. Makan / makan mie ada warung, harganya murah, bisa jajan disana juga.",2026-07-23,2026,7,2026-07,Pantai Goa Petapa,Tempat Umum,5.0
REV006399,ulasan,28 juni 2026 baru kesitu...tapi karena musim kering..jadinya surut dan kurang menarik Tpi kalau pas air pasang dan musim tertentu pasti bagus banget,2026-07-23,2026,7,2026-07,Pantai Goa Petapa,Tempat Umum,3.0
REV006400,ulasan,Tempat Nya Suka Sekali Buat Nongkrong sama teman kerja dan tema sekolah Pantai Kecil Dan Views nya bess seperti di pantai Timur 😊 Untuk Parkiran Murah Dan Tersedia kamar kecil dan ada warkop juga 😊 Tapi pantainya sedikit kotor ada sampah dan untuk penjualan kuliner nya sedikit 🙏 Semoga Kedepan Semakin di perhatikan sehingga pantainya tetap terjaga dan indah 😊 🙏,2026-06-23,2026,6,2026-06,Pantai Goa Petapa,Tempat Umum,5.0
REV006401,ulasan,"Tiket masuk cuma 5k si untuk motor tapi ya gitu pantai nya lumayan banyak sampah sama jalan buat kesini ga enak samsek, ya nothing to see lah",2026-06-23,2026,6,2026-06,Pantai Goa Petapa,Tempat Umum,3.0
REV006404,ulasan,"ini ke2 kalinya ke sana, pas pertama kali masih bagus dan bersih. Sekarang udah beda, makin banyak sampah di pinggiran. Pas kesini juga lagi pembangunan, jadi sedikit berantakan. Mungkin bisa lebih sering' di bersihin lagi 👍 ...",2026-03-23,2026,3,2026-03,Pantai Goa Petapa,Tempat Umum,3.0
REV006408,ulasan,"pantainya sepi. di bagian pantainya lumayan bersih. bagian pinggirnya sampah2 bekas kelapa. g bisa buat mancing, nyantol terus sm batok kelapa. jadi g tau jga ada ikan ga nya. ada warung dan ada kamar mandi juga. Mobil bisa masuk 10rb. per orang kena lagi 1rb.",2026-01-23,2026,1,2026-01,Pantai Goa Petapa,Tempat Umum,5.0
REV006410,ulasan,"Senang bangeet di akhir th 2025 ini aku ke Surabaya bisa main ke madura, makan bebek Sinjai yg rame bangeet, lalu mampir juga ke pantai Rindu. Dan yg paling senangnya itu aku ke pantai goa Petapa, asli pantainya bagus airnya tenang wisata Hemat dg biaya 10.000 mobil dg org 1000 rupiah, wisata hemat tp tetap asyik. BPK yg minta uang SDH kakek2 saya kasih lebih biar HAPPY ☺ ️ 👍 Anak2 happy deh, semoga th dpn tetap dlm keadaaan sehat segalanya, pjg umur & rejeki lancar..kita dr Bandung pasti main lagi ke MADURA yg bikin KANGENNN...",2026-01-23,2026,1,2026-01,Pantai Goa Petapa,Tempat Umum,5.0
REV006412,ulasan,"Pantainya sepi berasa private beach 🤣 Pantai ini tergolong kecil ya Htm murah (lupa) Kalo di foto / video terlihat bersih, pdhl aslinya tuh beberapa spot banyak sampah, beneran sampah rumah tangga. Tidak tersedia toilet umum khusus pengunjung pantai jadi kalo mau ke toilet numpang di toilet warung, beneran masuk dalam warung 🤣 Harga makanan & minuman warung sekitar standart ya",2025-10-23,2025,10,2025-10,Pantai Goa Petapa,Tempat Umum,5.0
REV006414,ulasan,"Tempatnya bagus, bersih, pemandanganya juga bagus kalau sore, apalagi sunset nya ☺ ️",2025-09-23,2025,9,2025-09,Pantai Goa Petapa,Tempat Umum,5.0
REV006417,ulasan,em pantainya bagus tapi banyak sampahnya,2025-09-23,2025,9,2025-09,Pantai Goa Petapa,Tempat Umum,3.0
REV006418,ulasan,Bersih pemandangan jembatan Suramadu indah sekali,2025-09-23,2025,9,2025-09,Pantai Goa Petapa,Tempat Umum,5.0
REV006420,ulasan,Kesini lg stelah sekian lama ... tp lebih bagus n bersih dulu .. Skrg kyk g terawat n kotor,2025-09-23,2025,9,2025-09,Pantai Goa Petapa,Tempat Umum,5.0
REV006422,ulasan,"Akses mudah deket jalan raya, air lautnya jernih kepiting pun kelihatan, view jembatan Suramadu, pasir dan batu lumayan banyak, tidak ada tiket masuk cuma bayar parkir motor saja 5k/motor, kesini pas air pasang tetep bagus jd ga bisa ke tengah.",2025-09-23,2025,9,2025-09,Pantai Goa Petapa,Tempat Umum,5.0
REV006424,ulasan,"Parkiran mobil masih terbatas, bayarnya pas keluar, sekalian bayar biaya masuknya, akhir tahun kemarin masih 5K pe orang. view indah, view jembatan suramadu, pasir putih, banyak karang, tidak rekomendasi untuk berenang. tempat berteduh masih kurang, kalau banyak orang maka banyak yang tidak memperoleh tempat berteduh. toilet dan ruang basuh juga masih minim, juga bayar. sampahnya kurang terkendali, bahkan di pesisir nya banyak pecahan kaca, botol dll.",2025-09-23,2025,9,2025-09,Pantai Goa Petapa,Tempat Umum,4.0
REV006425,ulasan,Pantai yang tersembunyi karena hanya plang kecil penunjuk arahnya (harus turun bawah). Akses mudah untuk mobil. Tersedia beberapa warung juga. Untuk kebersihan pantai terjaga sayang tidak disediakan tempat sampah disekitaran pantai. Mungkin dapat di tambah untuk gazebonya,2025-09-23,2025,9,2025-09,Pantai Goa Petapa,Tempat Umum,5.0
REV006427,ulasan,"Htm murah meriah, cuma sayang pas kesana airnya lg surut",2025-09-23,2025,9,2025-09,Pantai Goa Petapa,Tempat Umum,4.0
REV006428,ulasan,"First impression ke pantai ini jujur pas kesana agak bingung pintu masuknya dimana tapi pas tau MASUKNYA ITU TERNYATA JALANNYA CURAM MIRING + BISA DILEWATI 1 MOBIL SATU JALAN *soalnya pantainya dibawah sedangkan lokasi jalanan diatas otomatis harus turun* Terus parkir motor 5K maybe kalau mobil 10K, Toilet 2K. Orang yang jualan disitu cukup dikit, jadi SARANKU mending bawa bekal makanan aja sendiri. Selebihnya ya view pantai, pas lagi pasang banyak yang cari kerang.",2025-09-23,2025,9,2025-09,Pantai Goa Petapa,Tempat Umum,5.0
REV006432,ulasan,"Tempat yg menarik buat di kunjungi Airnya bersih udaranya sejuk tidak terlalu panas dan harga makanannya murah"".",2024-09-23,2024,9,2024-09,Pantai Goa Petapa,Tempat Umum,5.0
REV006433,ulasan,Ini pantai apasiiii 😭 😭 gilak ... Peron murce abisss... Cm serebu .. mana bisa.. 4 orang 4 rb.. Sumpa sii keren abis pas surut..sengaja dateng siang biar pas air surut jd bisa main ..rekomend siii 🐋 🐋 💜 💜 💜 Keliatan jembatan suramadunya ... Cuman toilet d warungnya kurang bersih..air d tong pasir semua..kran g ngalir,2024-09-23,2024,9,2024-09,Pantai Goa Petapa,Tempat Umum,5.0
REV006435,ulasan,Pantai dengan Pemandangan Jembatan Suramadu. Sayangnya banyak sampah di sisi kiri,2024-09-23,2024,9,2024-09,Pantai Goa Petapa,Tempat Umum,4.0
REV006437,ulasan,"Pantai sangat kotor banyak sampah dimana mana, tukang parkiran agak galak dan tidak ramah, parkir motor 5000 include harga tiket masuk pantai",2024-09-23,2024,9,2024-09,Pantai Goa Petapa,Tempat Umum,3.0
REV006438,ulasan,"Pantainya bagus pasirnya putih gak lengket ,hanya bayar parkir 5000 . Kondisi pas air laut pasang",2024-09-23,2024,9,2024-09,Pantai Goa Petapa,Tempat Umum,5.0
REV006440,ulasan,"Tempatnya bagus tapi kebersihan kurang, banyak sampah disekitaran pantai",2024-09-23,2024,9,2024-09,Pantai Goa Petapa,Tempat Umum,2.0
REV006442,ulasan,"Bagi banyak dari kita, terutama yang tinggal di Surabaya, pergi ke Bali memang sebuah kemewahan. Selain jauh dan memakan waktu, Bali juga mahal. Pantai-pantai yang tersebar di Madura sebenarnya merupakan alternatif yang baik meskipun pantai-pantai ini tidak bisa dibandingkan dengan pantai-pantai di Pulau Dewata. Saya ingin sekali pergi ke sana, tetapi baru berkesempatan dua minggu lalu. Pantai ini memiliki air yang bersih dan jernih, dan perjalanan ke sana bahkan dari bagian paling barat Surabaya hanya membutuhkan waktu dua jam. Anda bisa melihat banyak video di YouTube yang melaporkan tentang pantai ini, dan sebagian besar hal yang Anda lihat di sana masih utuh. Pemandangannya memang tidak menakjubkan, tetapi tetap indah dengan Jembatan Surabaya Madura yang menjulang di kejauhan. Tiket masuknya juga sangat terjangkau. Saya dikenakan biaya 5000 rupiah untuk ojek, dan pada dasarnya tidak ada biaya lain selain itu. Ada kios yang menjual kebutuhan pokok dan konter yang menjual kelapa muda segar. Karena pantai ini tidak terlalu komersial, tidak ada pedagang yang menjebak anak-anak, artinya Anda tidak perlu menghabiskan banyak uang untuk anak-anak Anda karena mereka tidak dapat meminta mainan, balon, dan barang-barang serupa. Kekurangannya mungkin adalah sampah plastik yang berserakan di sana-sini meskipun tidak terlalu banyak dan tidak adanya pasir yang lembut. Kesimpulannya, mengapa tidak berkunjung? Saya harus mengatakan bahwa jalan menuju ke sana setelah Anda turun dari jembatan tidak sepenuhnya mulus dari segi aspal yang terkelupas. Tapi, saya juga tidak akan mengatakan itu terlalu mengganggu.",2024-09-23,2024,9,2024-09,Pantai Goa Petapa,Tempat Umum,5.0
REV006443,ulasan,"Bagus banget pantainya. Unik, bersih.",2024-09-23,2024,9,2024-09,Pantai Goa Petapa,Tempat Umum,5.0
REV006444,ulasan,Bnyak sampah dan ngk ad musholla,2024-09-23,2024,9,2024-09,Pantai Goa Petapa,Tempat Umum,1.0
REV006445,ulasan,"Dari sini kita bisa melihat jembatan Suromadu begitu jelas, biaya masuk jg hanya perlu membayar parkir (motor 5000). Sayang untuk kebersihan tempat ini sangat tidak terjaga. Banyak sampah berserakan di area Timur dari pintu masuk.",2024-09-23,2024,9,2024-09,Pantai Goa Petapa,Tempat Umum,3.0
REV006446,ulasan,"Ombaknya lumayan buat anak kecil,sayang airnya agak butek",2024-09-23,2024,9,2024-09,Pantai Goa Petapa,Tempat Umum,5.0
REV006447,ulasan,"Saya sampai di sana siang hari, air laut sudah surut. Ada banyak sampah di pantai.",2024-09-23,2024,9,2024-09,Pantai Goa Petapa,Tempat Umum,3.0
REV006449,ulasan,"Pemiliknya ramah banget dan kita dipinjami tikar gratis. Masuknya hanya bayar parkir aja, 100rb apa ya. Sayang seklai tempat sebagus ini banyka sampahnya. Pengelola pantainya sudah bagus, tapi sampah yg tertimbun di air itu sepertinya ngalir dr tempat lain. Semoga suatu saat bisa lebih terjaga alamnya. Sayang sakali.",2024-09-23,2024,9,2024-09,Pantai Goa Petapa,Tempat Umum,5.0
REV006454,ulasan,Pantai dengan view Jembatan Suramadu cukup seru utk menikmati hembusan angin (angine panas 😭 😭 ) pantai dibawah teduhan batu karang. Saat kesana sampah lumayan banyak semoga pengunjung bisa sadar akan sampah dan pengelola menyediakan lebuh banyak tong sampah disetiap. Dengan htm yg lumayan murah masih layak utk dikunjungi. ...,2024-09-23,2024,9,2024-09,Pantai Goa Petapa,Tempat Umum,4.0
REV006455,ulasan,"Tiket per motor 5K murah polll tapi masih kotor, banyak sampah dari laut",2024-09-23,2024,9,2024-09,Pantai Goa Petapa,Tempat Umum,5.0
REV006459,ulasan,Pantai nya bagus. airnya agak hijau. harga makanan di sini juga murah untuk sekelas tempat wisata,2023-09-23,2023,9,2023-09,Pantai Goa Petapa,Tempat Umum,5.0
REV006461,ulasan,pantainya bagus sebenernya dan masih lumayan sepi tapi yang di sayangkan banyak banget sampah,2023-09-23,2023,9,2023-09,Pantai Goa Petapa,Tempat Umum,3.0
REV006462,ulasan,"Salah satu destinasi wisata di pesisir selatan pulau Madura. Akses menuju lokasi mudah banget karena berada tepat di pinggir jalan raya, berseberangan dengan kantor kecamatan. Lokasinya cukup dekat dengan Jembatan Suramadu. Dikelola secara swadaya oleh masyarakat. Tiket masuk murah banget, hanya bayar 5k/motor, 10k/mobil. Area pantai sangat bersih, berpasir putih, bebatuan koral, dan tanaman khas pantai. Di waktu tertentu, air laut jernih dan berwarna agak kebiruan. Saat air laut surut, ada batu karang yang bisa dijadikan area mencari keong laut. Ada area bermain buat anak-anak. Meski tidak cukup banyak. Saranku yang mau main ke sini, bawa mainan pantai dan baju ganti buat anak main air. Toilet umum yang tersedia hanya satu. Area pantai tidak terlalu luas. Tetapi cukuplah untuk mantai dengan latar pemandangan Jembatan Suramadu. Oya, Kalau bawa anak-anak, jangan sampai lepas pengawasan ya agar tetap aman.",2023-09-23,2023,9,2023-09,Pantai Goa Petapa,Tempat Umum,5.0
REV006464,ulasan,Pesisir Selatan Madura bagus tinggal perawatan.,2023-09-23,2023,9,2023-09,Pantai Goa Petapa,Tempat Umum,5.0
REV006465,ulasan,"Kesini jam 12 waktu airnya naik, kalo pas surut banyak batu 😁 sunsetnya jg bgus ...",2023-09-23,2023,9,2023-09,Pantai Goa Petapa,Tempat Umum,5.0
REV006466,ulasan,"Pantai Goa Petapa Tiket masuk dua orang + parkir motor 5.000 rupiah (Juli 2023) Tempat parkir motor luas, parkir mobil muat beberapa Pemandangan nya bagus, pantai bersih, dari sini bisa lihat sisi Surabaya dg jelas, bisa lihat jembatan Suramadu Ada warung2 makan disini, Harga makanan dan minuman terjangkau, Es kelapa muda beserta tempurungnya 13.000 rupiah, tempat jual es kelapa nya aesthetic sekali dan lucu Banyak karang di pinggiran pantai, ubur2 banyak di sela sela karang Buat yang lagi di surabaya dan pengen lihat pantai, mungkin pantai ini salah satu destinasi yang bisa dicoba, karena dekat dengan surabaya, dari Suramadu cari jalan ke arah kanan, nanti lurus terus ke arah timur.",2023-09-23,2023,9,2023-09,Pantai Goa Petapa,Tempat Umum,5.0
REV006467,ulasan,Kotor ga ada bisa dinikmati,2023-09-23,2023,9,2023-09,Pantai Goa Petapa,Tempat Umum,2.0
REV006469,ulasan,"Bagus masih alami, htm cuma 1k parkir mobil 10k. Banyak warung di pantai harga murah2. Sayang pengunjung blm tertib buang sampah, tempat sampah ada",2023-09-23,2023,9,2023-09,Pantai Goa Petapa,Tempat Umum,5.0
REV006470,ulasan,"Lumayan,tp sayang byk sampah...coba ini sampah2 dibersihkan pasti lbh keren...",2023-09-23,2023,9,2023-09,Pantai Goa Petapa,Tempat Umum,4.0
REV006471,ulasan,"Kesana sama keluarga pas liburan lebaran, memang gak rame banget tapi pas air pasang ombak besar banyak sampah. Masuk lokasi cuma bayar parkir, Pedagang makanan cuma sedikit dan makanan seadanya harga mahal, mending bawa bekal deh..",2023-09-23,2023,9,2023-09,Pantai Goa Petapa,Tempat Umum,3.0
REV006472,ulasan,"Pantai goa Petapa Sesuai namanya ada goa kecil saat hendak masuk Cuma g brani masuk 🤣 Pasir nya putih,byk karang2 kcl.. Parkir 10K,per org byr 1K,cukup murah Ada warung disana bisa beli air kelapa 13K Pantainya g besar tp cukup menyenangkan angin sepoi2 enak ada beberapa pohon,cuma perlu diperhatikan kebersihannya saja,krn sampah dipinggir pantai ntar sampah bawaan dr laut atau bagaimana,krn di area wrng sudah cukup bersih,hendaknya pemkot lbh byk memperhatikan kebersihan dimadura ini,krn dibeberapa tmpt dipinggir jalan dimadura jg byk sampah Btw Pantai goa petapa ini ga jauh dari jembatan suramadu,bisa menjadi alternatif yang mau berwisata pantai 👍 🏻",2023-09-23,2023,9,2023-09,Pantai Goa Petapa,Tempat Umum,5.0
REV006473,ulasan,"Kesini pertama kali untuk les Stand Up Paddle. Pantainya bersih, rekomendasi pantai yg bagus dan dekat dari surabaya Super low budget tp lumayan bikin happy",2023-09-23,2023,9,2023-09,Pantai Goa Petapa,Tempat Umum,5.0
REV006475,ulasan,Pantaii nya super buagus . Bersih nyaman . Htm free . Penajaga parkirnya ramah sekali . Buat pngunjung tlong di bantu menjaga kbersihannya ya ..,2023-09-23,2023,9,2023-09,Pantai Goa Petapa,Tempat Umum,5.0
REV006477,ulasan,Banyak sampah dan ga ada toilet umumnya,2023-09-23,2023,9,2023-09,Pantai Goa Petapa,Tempat Umum,3.0
REV006478,ulasan,"Sunset disini bagus. Orangnya ramah-ramah, tanpa tiket masuk hanya parkir, makanan dan minuman dijual dengan harga wajar, dekat indomaret, suasana tenang, pantai tergolong bersih, udara segar, garis pantainya cukup panjang jadi bisa sambil berjalan-jalan dan mengobrol. Sangat cocok buat yang ingin lari dari hiruk pikuk kota dan menyegarkan pikiran.",2023-09-23,2023,9,2023-09,Pantai Goa Petapa,Tempat Umum,5.0
REV006479,ulasan,"HTM perorang 1000 Parkir mobil 10000 Bibir pantai pendek tapi bagus dan bersih. Murah pol cocok buat liburan keluarga, tidak terlalu jauh dari jembatan Suramadu.",2023-09-23,2023,9,2023-09,Pantai Goa Petapa,Tempat Umum,5.0
REV006480,ulasan,Sebenarnya bagus Krn dr tempat ini terlihat bentuk utuh dari jembatan Suramadu tapi masih kotor blm ada pengelolaan yang baik,2023-09-23,2023,9,2023-09,Pantai Goa Petapa,Tempat Umum,2.0
REV006481,ulasan,"Wah, jujur aja ini melebihi ekspetasi saya sih wkwk. Saya kira pantai-pantai utara itu identik dengan pasir hitam dan berlumpur, dan ternyata disini endak. Pasirnya putih bersih dan ada beberapa karang. Meskipun pantainya kecil, namun untuk fasilitas disini sudah cukup memadai, ada beberapa warung, permainan jungkat-jungkit, area foto kapal, dan toilet. Harga tiket hanya Rp 5.000 aja per motor + orangnya, kalau mobil Rp 10.000 terjangkau bukan? Akses jalan dari arah SBY bisa dikatakan jelek ya ges makadam gitu(ini yang dari suramadu setelah jalan raya utama dan sebaliknya). Disarankan juga pakai motor saja karna jalannya juga kecil dan sempit. Pantai berada di sisi tebing, jadi pas masuk jalannya agak curam ke bawah gitu. Untuk kekurangannya, masih banyak terdapat sampah di area pinggir-pinggir tapi kalau liat-liat air lautnya bersih warna hijau ga kotor-kotor banget. Selebihnya oke.",2023-09-23,2023,9,2023-09,Pantai Goa Petapa,Tempat Umum,4.0
REV006483,ulasan,Kebersihan lokasi tolong d perhatikan ya...,2023-09-23,2023,9,2023-09,Pantai Goa Petapa,Tempat Umum,5.0
REV006484,ulasan,"Pantainya cukup bersih, airnya tenang sekali jadi buat berendam cukup nyaman. Tapi di beberapa sisi garis pantai ada tumpukan sampah, ada baiknya bisa dibersihkan oleh pengelola. Masuk ke pantai melalui turunan dari bukit. Saya berangkat siang dan tidak seberapa ramai jadi enak untuk refreshing. Saran saja jika mau ditambahkan ornamen cukup ayunan dan tempat duduk-duduk, tidak perlu dibuatkan bingkai love atau apapun sehingga view pantai tidak tertutup nantinya.",2023-09-23,2023,9,2023-09,Pantai Goa Petapa,Tempat Umum,5.0
REV006490,ulasan,Untuk kebersihan kurang terjaga,2023-09-23,2023,9,2023-09,Pantai Goa Petapa,Tempat Umum,3.0
REV006491,ulasan,"Akses mudah, 3.5km dr pintu tol Suramadu sisi timur. Posisi pintu masuk tepat disisi jlan raya. Parkir lgsg turun ke lokasi pantai. Berbayar 5rb utk motor dan 10rb utk mobil. Trmsuk pantai karang sprti kbnykn pantai di Madura umumnya. Klo surut bs cari ikan di sela2 karang. Warung yg brjualan snack dan minuman, dilengkapi toilet berbayar 2rb. Goa terletak tepat di depan turunan jalan akses masuk. Infonya krn sering bnyk ular, sisi utara goa ditutup.sy ga brani masuk. Cukup lihat dr luar sj.hehe Cukup enak utk bersantai krn bnyk tempat duduk dan ayunan yg teduh. Salah satu PR mungkin pengelolaan dan kebersihan sj.",2023-09-23,2023,9,2023-09,Pantai Goa Petapa,Tempat Umum,5.0
REV006499,ulasan,Bagus waktu sunset mgkin... Sayang Air laut waktu pasang.. Trus kabut lagi... Jd viewnya gk begtu ... Next time cuba brkunjung lagi...,2022-09-23,2022,9,2022-09,Pantai Goa Petapa,Tempat Umum,4.0
REV006500,ulasan,"Pantai yang indah lokasi mudah di jangkau dekat dg jembatan Suramadu. 2kali saya kesini d saat pasang itu lebih indah & seru lagi , anak2 bisa main air d tepi pantai harga tiket blm ad. Cuma bayar parkir saja. Pantai ini perlu d kembangkan lagi masih minim petugas yg jaga, baik kebersihan, dan fasilitas yg lain. Semoga kedepannya lebih baik lagi. Fasilitasnya 👍",2022-09-23,2022,9,2022-09,Pantai Goa Petapa,Tempat Umum,5.0
REV006506,ulasan,Pantainya bagus tapi sayang banyak sampahnya,2022-09-23,2022,9,2022-09,Pantai Goa Petapa,Tempat Umum,4.0
REV006507,ulasan,Kami mengenal pantai ini dalam rangka belajar stand up paddle. Pantai bersih. Belum banyak fasilitas semoga segera ditambah fasilitasnya.,2022-09-23,2022,9,2022-09,Pantai Goa Petapa,Tempat Umum,3.0
REV006508,ulasan,"Sepi,murah tapi lumayan kotor,masuk 5k untuk motor",2022-09-23,2022,9,2022-09,Pantai Goa Petapa,Tempat Umum,4.0
REV006512,ulasan,"Cukup bayar parkir 5k, tempat nya kurang bersih dan spot untuk duduk atau foto tidak banyak",2022-09-23,2022,9,2022-09,Pantai Goa Petapa,Tempat Umum,3.0
REV006513,ulasan,"Bersih dan Dekat Surabaya, Tempat Kami Latihan Paddle Board",2022-09-23,2022,9,2022-09,Pantai Goa Petapa,Tempat Umum,5.0
REV006515,ulasan,"Murah bnget HTM Cuman 1000/orang,,cuman sayangnya pinggiran pantai dket warung bnyak sampah ....tapi lumayan lah klo buat refresh sejenak... Dari pinggir pantai bisa duduk"" smbil lihat jembatan Suramadu dari jauh",2022-09-23,2022,9,2022-09,Pantai Goa Petapa,Tempat Umum,5.0
REV006516,ulasan,Bagusss bagus banget lokasi dekat jembatan Suramadu bersih,2022-09-23,2022,9,2022-09,Pantai Goa Petapa,Tempat Umum,5.0
REV006521,ulasan,"Berkunjung ke sini saat pagi hari setelah subuh buat nyobain main stand up paddle. Pantainya cukup bersih dan indah. Sempet juga foto beberapa gambar sunrise. Untuk menuju pantai ini, kita harus menuruni tebing dari jalan utama. Jalan untuk turun ke pantai hanya bisa dilalui dengan jalan kaki atau roda dua. Untuk roda 4, parkir tersedia di seberang jalan utama. Tepi pantainya banyak batu karang, jadi agak berbahaya kalau untuk anak-anak main air. Tapi anak-anak cukup senang bermain di tepi pantai karena banyak keong. Seperti namanya, goa ini ada goanya. Ada beberapa spot foto dan gazebo. Ada dua warung yang jual snack, minuman, juga popmie. Di warung tersebut, kita juga bisa pakai kamar mandinya. Karena ke sini saat main stand up paddle, jadinya bisa punya kesempatan ke lautnya juga. Sangat disayangkan di lautnya banyak sekali sampah plastik (ulah manusia nih) jadi nasehat buat diri sendiri agar lebih peduli lagi sama isu lingkungan. Ngelihatnya secara langsung sempet bikin sedih.",2022-09-23,2022,9,2022-09,Pantai Goa Petapa,Tempat Umum,4.0
REV006525,ulasan,Suka pantainya lumayan bersih HTM nya juga murah,2022-09-23,2022,9,2022-09,Pantai Goa Petapa,Tempat Umum,5.0
REV006531,ulasan,"Lokasinya nggak jauh dari jembatan Suramadu, pantainya ada di bawah jalan jadi nggak keliatan soalnya akses ke pantainya lewat jalan turunan dikit tapi viewnya bagus, cuma pas kesini lagi pasang airnya jadi nggak bisa foto agak nengah, nggak ada tiket masuk cuma bayar parkir aja 5rb, lumayan buat piknik tipis-tipis sama nambah koleksi foto, di pantainya jg ada warung kecil-kecilan yg jual snack, gorengan, sama minuman..",2021-09-23,2021,9,2021-09,Pantai Goa Petapa,Tempat Umum,5.0
REV006541,ulasan,"Pantai sangat"" bersih...cocok...hehe",2021-09-23,2021,9,2021-09,Pantai Goa Petapa,Tempat Umum,5.0
REV006546,ulasan,"Bagus sih .. tapi kurang perawatan, terlihat kurang nya pengunjung",2021-09-23,2021,9,2021-09,Pantai Goa Petapa,Tempat Umum,5.0
REV006559,ulasan,"Indah karena di seberang ada surabaya dan jembatan suramadu. Minusnya, banyak sampah berserakan.",2021-09-23,2021,9,2021-09,Pantai Goa Petapa,Tempat Umum,4.0
REV006563,ulasan,Pemandangannya dapet tp sayang kotor perlu dikelola lebih baik lg,2021-09-23,2021,9,2021-09,Pantai Goa Petapa,Tempat Umum,5.0
REV006571,ulasan,"Pantai kecil di seberang jembatan suramadu, sangat dekat dari surabaya, saya rasa cukup nyaman pada saat pagi hari, karena kalau sore airnya surut dan nampak bebatuan dan lumpur di sekitar pantai sehingga nampak gersang Tapi kalau untuk sekedar menikmati pemandangan jembatan suramadu dan lampu gedung kota surabaya di waktu petang, lumayan lah.",2021-09-23,2021,9,2021-09,Pantai Goa Petapa,Tempat Umum,5.0
REV006575,ulasan,"Merasakan angin pantai yg dekat dengan Surabaya, ga perlu capek2. Parkir mobil ada di atas, motor bisa masuk ke lokasi pantai. Tidak bisa mandi karena pantai berkarang. Pagi hari airnya pasang dan siang mulai surut. Tiket masuk dan parkir ada di poto",2020-09-23,2020,9,2020-09,Pantai Goa Petapa,Tempat Umum,4.0
REV006577,ulasan,"Pertama-tama saya ingin berbagi sisi baiknya: biaya masuknya murah, hanya 1.000 per orang, biaya parkir mobil 20.000, dan motor 5.000, Anda bisa berfoto dengan latar belakang jembatan Suramadu, pemandangannya menakjubkan saat matahari terbenam, dengan pasir putih, Anda bisa menemukan kerang di sekitar sana dan gua yang disebut Goa Petapa. Namun sisi buruknya: kotor, sampah berserakan di mana-mana, polusi rumah tangga dari atas, akan lebih kotor lagi jika tempat ini tidak terorganisir (membutuhkan petugas kebersihan, toilet, tempat berjemur atau kafe). Saya yakin akan lebih baik jika Anda merawat pantai ini sesegera mungkin.",2020-09-23,2020,9,2020-09,Pantai Goa Petapa,Tempat Umum,3.0
REV006579,ulasan,"Cukup bagus dan bisa jadi pilihan rekreasi hemat. Cukup bayar 5 ribu rupiah untuk parkir sepeda dan 10 ribu rupiah untuk parkir mobil. Banyak spot foto yang cukup menarik dan lengkap dengan warung yang menyediakan berbagai cemilan, rujak, es dll. Datang pagi atau sore waktu air surut mungkin lebih cocok.",2020-09-23,2020,9,2020-09,Pantai Goa Petapa,Tempat Umum,4.0
REV006588,ulasan,Ini adalah pantai kecil yang bagus dan bersih...dengan terumbu karang yang indah dan pasir yang bersih...,2020-09-23,2020,9,2020-09,Pantai Goa Petapa,Tempat Umum,4.0
REV006607,ulasan,Tidak terlalu buruk tapi kotor Tidak terlalu terorganisir juga,2018-09-23,2018,9,2018-09,Pantai Goa Petapa,Tempat Umum,3.0
REV006611,ulasan,Belum dijadikan tempat wisata oleh pemerintah daerah Bangkalan. Tidak ada penanda nama di jalanan. Tidak ada petunjuk arah. Tidak ada lahan parkir. Tidak ada toilet. Sebenarnya apik jika dijadikan tempat wisata. Pemandangan jembatan tol Suromadu terlihat apik di kejauhan.,2018-09-23,2018,9,2018-09,Pantai Goa Petapa,Tempat Umum,2.0
REV006622,ulasan,"Suka, Pros: Pantainya indah, sepi, belum tercemah, ada tempat duduk. Cons: Kurang terawat aja, di pinggir pantai lumayan banyak sampah, beling Tinggal ditingkatkan saja",2025-10-23,2025,10,2025-10,Pantai Siring Kemuning,Tempat Umum,4.0
REV006623,ulasan,"Cocok buat introvert macam saya karena seperti private beach, gak banyak orang bahkan orangnya cuma saya aja Pantainya juga bagus, pasir putih air lautnya pun bening, ombaknya gak terlalu besar juga Pantainya bersih karena bapak penjaga pantainya rajin membersihkan lingkungan area pantai Bapaknya juga baik ramah Sudah 3x berkunjung kesana bahkan pengen pindah disana aja biar gak jauh2 dari Surabaya langsung ke pantai 🩵",2025-09-23,2025,9,2025-09,Pantai Siring Kemuning,Tempat Umum,5.0
REV006624,ulasan,Bagus dan bersih,2025-09-23,2025,9,2025-09,Pantai Siring Kemuning,Tempat Umum,4.0
REV006626,ulasan,"berkunjung saat weekday, sata hari libur nasional. Tarif masuk per orang Rp 5.000 Tarif parkir kendaraan mobil Rp 10.000 dan motor Rp 5.000 Ada pemyewaan pelamping renang dan tikar warga yang jaga loket. Ada toko warga sebelah pintu masuk yang jualanannya super lengkap, ada toilet dan kamar mandi untuk berbilas. Suasana pantai sepi, nyaman, ada sedikit sampah penginjung berserakan walaupun sudah diberi pengumunan disetiap sudut agar menjaga kebersihan dan membuang sampah bawaan ke tempat sampah yang sudah disediakan. Pantai pasir putih lembut dengan ombak tenang khas pantai utara, tidak ada life guard/penjaga pantai jadi jika berenang harus berhati-hati terutama yang membawa anak perlu perhatian lebih.",2025-09-23,2025,9,2025-09,Pantai Siring Kemuning,Tempat Umum,5.0
REV006629,ulasan,"Pantai bersih indah dan tidak terlalu ramai pengunjung, meskipun dihari libur",2025-09-23,2025,9,2025-09,Pantai Siring Kemuning,Tempat Umum,5.0
REV006634,ulasan,Sepi.. Asri.. Bersih..,2023-09-23,2023,9,2023-09,Pantai Siring Kemuning,Tempat Umum,5.0
REV006636,ulasan,"Awalnya ngerasa kayak salah pantai karena benar-benar sepi banget. Tidak ada yang jaga pintu masuk juga jadi ngiranya udah gak beroperasi. Makin dieksplore lebih ternyata pantainya bagus dan cukup bersih. Kalau mau mandi abis main air agak ""pr"" bagi yang anaknya jijikan karena airnya agak keruh.",2023-09-23,2023,9,2023-09,Pantai Siring Kemuning,Tempat Umum,4.0
REV006640,ulasan,"Surga yang tersembunyi sih menurutku.. Biaya masuk cuma 8k untuk 2 org dan sudah termasuk biaya parkir, pas itu datang siang tidak terlalu ramai Sayangnya disekitar pantai masih kotor banyak sampah padahal sudah disediakan tempat sampah.. Akan lebih menarik lagi kalau dibersihkan, ditambahi gazebo atau tempat duduk",2023-09-23,2023,9,2023-09,Pantai Siring Kemuning,Tempat Umum,5.0
REV006641,ulasan,Sangat disayangkn...... mestinya dirawat supaya betah dan rasa ingin u kembali.,2023-09-23,2023,9,2023-09,Pantai Siring Kemuning,Tempat Umum,5.0
REV006642,ulasan,"Sekarang sudah terbangkalai,g di rawat.! Padahal dulu bagus.banyak pedagang.sekarang udh g di jg lagi. Tp tetap suak.. 😁 ...",2023-09-23,2023,9,2023-09,Pantai Siring Kemuning,Tempat Umum,5.0
REV006645,ulasan,"Pantai terbengkalai, tidak ada pengelola. Ada toilet umum 2k/org. Masuk 4org dan parkir mobil hanya dikenai biaya 15k.",2022-09-23,2022,9,2022-09,Pantai Siring Kemuning,Tempat Umum,5.0
REV006647,ulasan,"Tempat bersih,meskipun gada pengelolah nya. Setelah kena abrasi bibir pantai tambah lebar",2022-09-23,2022,9,2022-09,Pantai Siring Kemuning,Tempat Umum,5.0
REV006653,ulasan,"Pantai yg dulu nya ramai pengunjung, jualan, souvenir, Tapi skrang pantai ini terbengkalai, tak terawat, kotor, sepi tanpa pengunjung, tanpa orang jualan entah ap penyebab hilangnya pengunjung k pantai ini, Padahal pantai ini sejuk nyaman, adem karena bnyak pohon, ayo pmerintah kelola pantai terbengkalai ini .. sedih melihat nya karena pantai ini yg pertama kali berwisata dulu ...",2022-09-23,2022,9,2022-09,Pantai Siring Kemuning,Tempat Umum,4.0
REV006655,ulasan,"07 nobember 2020 Wisata yg wajib di kunjungi pantai siring kemuning jalur utara madura Cukup bersih walaupun pasang air laut biasanya membawa sampah -Ada persewaan motor atv jg -Banyak yg jualan makanan -km mandi bersih -parkir waktu itu saya di pekarangan rumah penduduk -untuk anak"" mandi di laut wajib pengawasan oranh tua ya",2021-09-23,2021,9,2021-09,Pantai Siring Kemuning,Tempat Umum,4.0
REV006656,ulasan,"Bagus, lumayan bersih, tidak terlalu luas.",2021-09-23,2021,9,2021-09,Pantai Siring Kemuning,Tempat Umum,5.0
REV006658,ulasan,"Tempatnya bagus, dengan hawa khas pantai utara. Tapi dr segi fasilitas sangat kurang terutama toilet, tempat mandi, akses masuk dan prasarana. Semoga dikembangkan lagi",2021-09-23,2021,9,2021-09,Pantai Siring Kemuning,Tempat Umum,4.0
REV006659,ulasan,"kondisi pantai yg bagus dan bersih, terdapat beberapa warung yg menyediakan makanan dan minuman meskipun sederhana, utk toiletny bersih yg dikelola oleh warga setempat,,",2021-09-23,2021,9,2021-09,Pantai Siring Kemuning,Tempat Umum,5.0
REV006661,ulasan,"pantainya masih alami tapi minim pengelolaan, agak kotor",2021-09-23,2021,9,2021-09,Pantai Siring Kemuning,Tempat Umum,4.0
REV006663,ulasan,"Tempatnya bersih, bagus sih ..tapi sayang kalo mandi di laut, bilas nya km mandi keluar loket",2021-09-23,2021,9,2021-09,Pantai Siring Kemuning,Tempat Umum,4.0
REV006669,ulasan,"Bagus pantainya, bersih, seru main dipantai siring kemuning",2020-09-23,2020,9,2020-09,Pantai Siring Kemuning,Tempat Umum,5.0
REV006670,ulasan,"Pantainya bagus dan indah, landai bisa buat berenang, tapi perlu pengelolahan lebih baik lagi terkait kebersihan pantai",2020-09-23,2020,9,2020-09,Pantai Siring Kemuning,Tempat Umum,5.0
REV006673,ulasan,pantainya asyik....cuma sayang.....banyak ubur2 buatan alias pempres segala ukuran di pinggir pantai....jangan kotori alam.... cukup tinggalkan jejakmu jangan sampahmu......#salam lestari #salam harmoni....,2020-09-23,2020,9,2020-09,Pantai Siring Kemuning,Tempat Umum,5.0
REV006680,ulasan,Lumayan bersih **** Toilet kamar ganti dirumah penduduk dekat tdk jalan terlalu jauh spt dipantai2 lain **** View **** Ada nisan makam tepat didepan pantai *** Sepi *****,2020-09-23,2020,9,2020-09,Pantai Siring Kemuning,Tempat Umum,4.0
REV006681,ulasan,Datang kesana 2 tahun yg lalu keadaannya masih asri dan bersih,2020-09-23,2020,9,2020-09,Pantai Siring Kemuning,Tempat Umum,5.0
REV006683,ulasan,"Pantainya bagus, cuma kalau sehabis pasang jadi agak kotor. Pertama kali kesana waktu hari kerja di bulan Oktober pakai motor parkir di masjid dekat situ, jadi tidak ada biaya parkir hehehe... Lagi pula memang tidak ada loket yang difungsikan. Bulan Februari 2020 kesana hari Sabtu, mobil dikenakan tarif parkir IDR 10k. Sayang sekali belum dikelola dengan baik untuk tujuan wisata, mungkin akan lebih baik apabila dikelola secara profesional oleh dinas pariwisata bekerjasama dengan masyarakat sekitar paling tidak menyediakan kuliner yang belum ada.",2020-09-23,2020,9,2020-09,Pantai Siring Kemuning,Tempat Umum,5.0
REV006688,ulasan,"Tempat wisata pantai pasir putih dengan view ombak laut yang tenang, bisa buat berenang dan main air. Retribusi sukarela dan hanya bayar parkir Rp 10rb untuk mobil. Warga lokal gak ditarik biaya. Pantai ini juga bisa dinikmati dari pinggir jalan, namun kalo masuk ke dalam areanya bisa jalan-jalan lebih jauh karena bentang pantainya luas seperti di Jimbaran Bali. Minusnya belum ada tempat sampah. Semoga ke depannya bisa dikelola lebih baik.",2020-09-23,2020,9,2020-09,Pantai Siring Kemuning,Tempat Umum,4.0
REV006694,ulasan,Pantai nya kurang bersih,2020-09-23,2020,9,2020-09,Pantai Siring Kemuning,Tempat Umum,3.0
REV006695,ulasan,Mantab. Pantai lumayan bersih,2020-09-23,2020,9,2020-09,Pantai Siring Kemuning,Tempat Umum,4.0
REV006704,ulasan,Pantainya masih bersih.,2020-09-23,2020,9,2020-09,Pantai Siring Kemuning,Tempat Umum,5.0
REV006705,ulasan,Google maps ternyata blm update tntang pantai ini.....krn maps mengarahkan qt k jalan menuju pantai yg sdh d tutup & smua itu terbayar lunas krn pantai ini adlh Destinasi wisata pantai pasir putih yg apik Pemandangannya indah....ya mskipun pasirnya mulai memnghilang tergerus ombak Tp sayang nggak kerawat.... Hanya hari minggu & hari libur yg banyak Hari biasa sepi pengunjung,2020-09-23,2020,9,2020-09,Pantai Siring Kemuning,Tempat Umum,4.0
REV006706,ulasan,"Masih bersih,, pengunjung masih sedikit,, jadi nyaman",2020-09-23,2020,9,2020-09,Pantai Siring Kemuning,Tempat Umum,5.0
REV006719,ulasan,"Indah sekali, masih bersih. Tempatnya juga tidak terlalu ramai. Ombak juga tidak terlalu besar jadi aman untuk bermain bersama anak-anak. Pintu masuknya kurang terlihat. Toko untuk jajan juga masih sedikit. Fasilitas toiletnya bersih dan murah. Buat prewed cocok sekali 😅 ...",2019-09-23,2019,9,2019-09,Pantai Siring Kemuning,Tempat Umum,5.0
REV006724,ulasan,"Pantai bagus, tapi sampah acak acakan, fasilitas acak acakan",2019-09-23,2019,9,2019-09,Pantai Siring Kemuning,Tempat Umum,2.0
REV006725,ulasan,Cukup bersih dan kebetulan pas sepi pengunjung cocok buat jalan2 sore,2019-09-23,2019,9,2019-09,Pantai Siring Kemuning,Tempat Umum,4.0
REV006726,ulasan,"* Ulasan ini berfungsi untuk agar para wisatawan mengetahui bagaimana tempat pada tahun ini * - Pantai masih belum ramai dikunjungi, cocok untuk pengunjung yang mau merasakan memiliki #PantaiPribadi - Meskipun begitu harga pantai masih sangat terjangkau, dari Rp.5000 sampai dengan Rp.15.000 -Namun disini tempatnya masih kumuh, penjual makanan masih sepi Untuk Overall penilaian dapat disimpulkan: + Tempat : Jalan dari desa ke gerbang = 7/10 Strategis = 8/10 Keindahan = 9/10 Kebersihan lingkungan = 6/10 Kebersihan air laut = 9/10 Lampu = - Penjual makan = 7/10 Berfoto = 9/10 + Harga : Kecocokan tiket dan keseluruhan saat masuk : 9/10 Harga makan dan minum = 8/10 #Saran untuk pemilik atau pengurus tempat Bagi saya, lebih kembangkan di kebersihan pantai saja, mungkin agak sulit karena pantai sangatlah lebar, di google maps pun sampai ada 2 lokasi, namun dengan begitu pantai pasti akan menarik para wisatawan karena air pantai tergolong masih bersih dan suasana sejuk & hangat yg pas... Dan Terimakasih telah membaca ulasan ini.",2019-09-23,2019,9,2019-09,Pantai Siring Kemuning,Tempat Umum,5.0
REV006727,ulasan,"Sangat bersih, angin kencang",2019-09-23,2019,9,2019-09,Pantai Siring Kemuning,Tempat Umum,5.0
REV006730,ulasan,"Tempat parkir tersebut tidak aman, tidak bersih, dan banyak terdapat bebatuan.",2019-09-23,2019,9,2019-09,Pantai Siring Kemuning,Tempat Umum,5.0
REV006733,ulasan,Pantai nya sepi. Serasa milik pribadi. Bagus banget. Sayangnya banyak sampah plastik. Tp tetep cantik. Pasirnya kekuning2an. Airnya hijau ke biru2an. Cocok buat refreshing.,2019-09-23,2019,9,2019-09,Pantai Siring Kemuning,Tempat Umum,4.0
REV006738,ulasan,"Bagus, saran saya perbanyak tempat sampah",2019-09-23,2019,9,2019-09,Pantai Siring Kemuning,Tempat Umum,5.0
REV006739,ulasan,Kawasan wisata pantai yang kurang terjaga kebersihannya,2019-09-23,2019,9,2019-09,Pantai Siring Kemuning,Tempat Umum,4.0
REV006740,ulasan,"Pantai indah, banyak perahu nelayan terawat berhias. Pasir lembut dan bersih. Tempat parkir luas dan nyaman. Tiket masuk termasuk parkir Rp 10 rb",2019-09-23,2019,9,2019-09,Pantai Siring Kemuning,Tempat Umum,4.0
REV006742,ulasan,Pantainya tidak dirawat dan fasilitas umumnya rusak semua....klo di perhatikan lagi bisa jadi objek andalan.,2019-09-23,2019,9,2019-09,Pantai Siring Kemuning,Tempat Umum,3.0
REV006746,ulasan,Pantai sebenarnya bagus. Cuma kebersihan kurang terjaga. Toilet berbayar dirumah penduduk terdekat dg pintu masuk. Lokasi tersembunyi didalam desa kecil belakang pemukiman penduduk. Jadi buat yg mengakses lokasi dg mengikuti arahan google map jangan ragu..memang harus melewati jalan kecil ke pemukiman penduduk dulu.,2019-09-23,2019,9,2019-09,Pantai Siring Kemuning,Tempat Umum,3.0
REV006750,ulasan,Pantai yang tidak banyak berubah sejak dulu...Hati hati banyak kotoran manusia nya di pinggir pantai,2019-09-23,2019,9,2019-09,Pantai Siring Kemuning,Tempat Umum,3.0
REV006754,ulasan,"Pantainya kotor, banyak sampah pembalut, botol kaca, plastik2. Bangunan2 disekitar pantai jg hancur semua.",2019-09-23,2019,9,2019-09,Pantai Siring Kemuning,Tempat Umum,2.0
REV006756,ulasan,"Pasirnya putih.. sayang, kurang perawatan",2019-09-23,2019,9,2019-09,Pantai Siring Kemuning,Tempat Umum,3.0
REV006757,ulasan,"Pantai yang indah, airnya jernih, sayangnya pengelolaannya kurang baik. Namun, tersedia tempat parkir dan beberapa toilet.",2019-09-23,2019,9,2019-09,Pantai Siring Kemuning,Tempat Umum,4.0
REV006760,ulasan,pemandangannya bagus. tapi banyak sampah,2018-09-23,2018,9,2018-09,Pantai Siring Kemuning,Tempat Umum,5.0
REV006761,ulasan,Tempat yang bagus untuk mengisi liburan bersama keluarga. Tapi masih banyak sampah dimana-mana dan kurang terawat.,2018-09-23,2018,9,2018-09,Pantai Siring Kemuning,Tempat Umum,5.0
REV006765,ulasan,sayang pantainya kotor,2018-09-23,2018,9,2018-09,Pantai Siring Kemuning,Tempat Umum,4.0
REV006767,ulasan,Pantai terbersih se kabupaten bangkalan eh sampang eh gatau ya 😂 tapi pantai nya bersih lumayan pasirnya masih jarang di jumpai sampah ...,2018-09-23,2018,9,2018-09,Pantai Siring Kemuning,Tempat Umum,5.0
REV006768,ulasan,Pantai bersih. Sepi pengunjung,2018-09-23,2018,9,2018-09,Pantai Siring Kemuning,Tempat Umum,4.0
REV006769,ulasan,"Pantai lumayan bersih,jika ada yg jual makanan akan lebih bagus lagi",2018-09-23,2018,9,2018-09,Pantai Siring Kemuning,Tempat Umum,4.0
REV006771,ulasan,"Saran saya lebih baik bawa makan dari luar/bawa dari rumah, untuk HTM murah bgt, sedikit kotor untuk area pantai seperti gak dirawat/sampah2 gak pernah dibersihkan (karna susah cari tempat sampah, pengunjung pun buang sampah sembarangan)",2018-09-23,2018,9,2018-09,Pantai Siring Kemuning,Tempat Umum,4.0
REV006772,ulasan,Pantai dengan ombak kecil Lumayan bagus sih meski tak sebiru lautan biasanya 2 orang 1 sepeda idr 8k Akses mudah Ada toilet /kamar mandi Ada yang jual makanan dan minuman Hari biasa (bukan hari libur) - sepi pengunjung,2018-09-23,2018,9,2018-09,Pantai Siring Kemuning,Tempat Umum,3.0
REV006775,ulasan,"Pantainya bagus n bersih sayang kurang di kelola dg bagus, but I love it",2018-09-23,2018,9,2018-09,Pantai Siring Kemuning,Tempat Umum,3.0
REV006776,ulasan,"Pantainya bersih,wkt km dtg di bulan puasa jd sepi dan bersih.tdk ad penjual makanan hny warung disebelah pantai.ad 1 toko sovenir menjual baju,handuk,sandal,dsb dgn hrg relatif murah. perjalanan dr suramadu ke bangkalan membutuhkan wkt 1.5jam tidak jauh. akses jalan juga enak.anak2 senang bermain dipantai ini. pd saat pulang ditagih 20rb utk 4 dewasa dgn 2 anak kecil + 1 mobil.cuma kl bisa jgn lupa sedia bekal sendiri.",2018-09-23,2018,9,2018-09,Pantai Siring Kemuning,Tempat Umum,4.0
REV006778,ulasan,"Pantai kenangan, tapi sayang kurang bersih",2018-09-23,2018,9,2018-09,Pantai Siring Kemuning,Tempat Umum,4.0
REV006787,ulasan,Bagus dn bersih,2018-09-23,2018,9,2018-09,Pantai Siring Kemuning,Tempat Umum,5.0
REV006791,ulasan,"Pasirnya putih , syukaa , tapi uda mulai banyak sampah , batu2 karang banyak yg hilang, penjual makanan juga berkurang , gak ada fasilitas kamar mandi , adanya cuma numpang km penduduk sekitar",2018-09-23,2018,9,2018-09,Pantai Siring Kemuning,Tempat Umum,3.0
REV006792,ulasan,"Tempatnya sangat bagus, bersih, belom banyak pengunjung. Ombaknya tidak terlalu besar tp nyaman untuk di nikmati. Bila anda menjelajah ke arah kanan pantai anda akan menemukan karang karang yg ...",2018-09-23,2018,9,2018-09,Pantai Siring Kemuning,Tempat Umum,4.0
REV006793,ulasan,3 Motor 6 Orang cuman 20K Pantainya cukup bersih n Sepi dari pengunjung 😃 manteplah pokoknya ...,2018-09-23,2018,9,2018-09,Pantai Siring Kemuning,Tempat Umum,5.0
REV006807,ulasan,Agak kotor. Dari sini keliatan anjungan minyak,2018-09-23,2018,9,2018-09,Pantai Siring Kemuning,Tempat Umum,4.0
REV006812,ulasan,"Siring Kemuning terletak di Bangkalan, Pulau Madura. Berjarak 2 jam perjalanan mobil dari Suramadu, jaraknya tidak terlalu jauh karena jalannya kecil namun banyak mobil yang lewat dan pasar tradisional menambah kemacetan. Sesampainya di lokasi, Anda bisa memarkir mobil di luar gerbang. Saya membayar 15.000 IDR termasuk biaya parkir dan tiket masuk untuk 2 orang. Kebersihan pantainya lumayan, tidak terlalu ramai, pasir putih, dan suasananya menenangkan.",2018-09-23,2018,9,2018-09,Pantai Siring Kemuning,Tempat Umum,4.0
REV006816,ulasan,"Tempat refreshing yg murah, serasa private beach. Cuman radak kotor",2018-09-23,2018,9,2018-09,Pantai Siring Kemuning,Tempat Umum,4.0
REV006819,ulasan,"Pantainya bagus,ombaknya bagus, cuman agak kotor, yang jualan juga g rapi,mudah2 n ada yang kelola biar lebih bersih n rapi",2018-09-23,2018,9,2018-09,Pantai Siring Kemuning,Tempat Umum,2.0
REV006821,ulasan,pantainya bagus dan bersih,2018-09-23,2018,9,2018-09,Pantai Siring Kemuning,Tempat Umum,5.0
REV006830,ulasan,"Menikmati tenang dan semilirnya pantai utara. Tidak terlalu berbatu, bisa main air di sepanjang pantai.",2018-09-23,2018,9,2018-09,Pantai Siring Kemuning,Tempat Umum,3.0
REV006832,ulasan,Pasir lembut dan bersih,2018-09-23,2018,9,2018-09,Pantai Siring Kemuning,Tempat Umum,3.0
REV006834,ulasan,"D stu bxak orng yg mndi ea? & ad toilet x ea? K, gk ad no hp x yg bsa hbngin ea?",2018-09-23,2018,9,2018-09,Pantai Siring Kemuning,Tempat Umum,1.0
REV006838,ulasan,Pantai lumayan bersih,2018-09-23,2018,9,2018-09,Pantai Siring Kemuning,Tempat Umum,4.0
REV006840,ulasan,"Ditempat ini sangat indah, pasir nya sangat bersih, dan belum tercampur tangan manusia, di pantai Siring kemuning ini bisa disebut bali nya Madura, tapi masalah pantai nya lebih bersih di bali",2018-09-23,2018,9,2018-09,Pantai Siring Kemuning,Tempat Umum,5.0
REV006842,ulasan,"Pantai di utara pulau madura tepatnya di kota Pamekasan... Airnya masih lumayan bersih tapi berbatu sehingga kurang aman untuk berenang bagi anak-anak, jadi cukup bermain air dan pasir saja... View yang keren untuk berfoto... Hanya saja ...",2018-09-23,2018,9,2018-09,Pantai Siring Kemuning,Tempat Umum,5.0
REV006846,ulasan,Pantai yg Indahnya sayang sekali bila tidak Di rawat,2018-09-23,2018,9,2018-09,Pantai Siring Kemuning,Tempat Umum,4.0
REV006847,ulasan,Madura.. Pantainya lumayan bagus. Tidak kotor dan cocok untuk liburan,2018-09-23,2018,9,2018-09,Pantai Siring Kemuning,Tempat Umum,5.0
REV006850,ulasan,Pantainya bagus air nya jernih pasir putihya indah Tpi.. Lokasinya tidak strategis kurangnya fasilitas umum nya sebagai pariwisata pantai,2017-09-23,2017,9,2017-09,Pantai Siring Kemuning,Tempat Umum,3.0
REV006852,ulasan,"Pantainya indah dan masih asri, makanan ringan dan cemilan ada, tidak ada sampah di laut.",2017-09-23,2017,9,2017-09,Pantai Siring Kemuning,Tempat Umum,4.0
REV006853,ulasan,Pantai standar.. Kebersihan perlu dijaga,2017-09-23,2017,9,2017-09,Pantai Siring Kemuning,Tempat Umum,3.0
REV006860,ulasan,Pantainya cukup luas. Dari makam Ratu Ebu hanya 45menit. Perlu dikembangkan fasilitas pendukung. Kamar mandi sewa Ok bersih,2017-09-23,2017,9,2017-09,Pantai Siring Kemuning,Tempat Umum,5.0
REV006871,ulasan,"Pantainya standar, ga bening airnya, pasirnya putih seh tp banyak sampah, jalannya kecil banget. Biaya masuk 3rb, wc byr 2rb",2017-09-23,2017,9,2017-09,Pantai Siring Kemuning,Tempat Umum,2.0
REV006885,ulasan,"Lokasi yang tidak terlalu jauh dari Surabaya, di sini bisa menikmati pemandangan laut yang jernih, pantai berpasir kuning, sepoi angin laut, dan bekas benteng tua.",2017-09-23,2017,9,2017-09,Pantai Siring Kemuning,Tempat Umum,5.0
REV006890,ulasan,"Bagus sekali, sayang kurang didukung petunjuk arah jalan serta lokasi yang kurang terkelola baik toilet dan fasilitas lainnya.",2017-09-23,2017,9,2017-09,Pantai Siring Kemuning,Tempat Umum,4.0
REV006893,ulasan,"Ombaknya bagus. Tempatnya sepi jadi lebih privasi. Luas. Airnya warna coklat bukan biru. Tidak ada stan makanan, yg ada toko kelontong.",2017-09-23,2017,9,2017-09,Pantai Siring Kemuning,Tempat Umum,3.0
REV006894,ulasan,"Banyak sampah, dan tempat sampah memang kurang.",2017-09-23,2017,9,2017-09,Pantai Siring Kemuning,Tempat Umum,1.0
REV006897,ulasan,pantainya sebenarnya bagus tapi sayang masih banyak sampah rumah tangga berserakan di pantai. my opini,2017-09-23,2017,9,2017-09,Pantai Siring Kemuning,Tempat Umum,3.0
REV006900,ulasan,Cukup bagus kalau misalnya di setiap sisi pantai ada tempat sampahnya,2017-09-23,2017,9,2017-09,Pantai Siring Kemuning,Tempat Umum,3.0
REV006902,ulasan,Tempat yang sangat perawan dan sangat indah jangan lupa bawa topi n kaos lengan panjang bila ingin main air di pinggir pantai. Biaya tiket masuk plus parkir mobil/sepeda motor sangat terjangkau hanya 15.000,2017-09-23,2017,9,2017-09,Pantai Siring Kemuning,Tempat Umum,5.0
REV006919,ulasan,bagus..cuma masih banyak sampah...,2016-09-23,2016,9,2016-09,Pantai Siring Kemuning,Tempat Umum,4.0
REV006920,ulasan,Kebetulan lagi laut pasang. Jadi tidak bisa bermain air,2016-09-23,2016,9,2016-09,Pantai Siring Kemuning,Tempat Umum,3.0
REV006921,ulasan,"Perlu pengelolaan serius dr pemda setempat,aku dtg wktu air pasang ga bs buat renang....",2016-09-23,2016,9,2016-09,Pantai Siring Kemuning,Tempat Umum,3.0
REV006926,ulasan,"Pantainya lumayan bersih dan lautnya jernih dan tenang jadi anak saya bisa maen pasirnya, viewnya lumayan, bisa makan rujak madura pinggir pantai lhoo. pemerintah tambahin gazebo aja di pantai dan penerangan disepanjang jalan pantura madura. soalnya pengen tunggu sunset takut kemalaman pulang ke bangkalan, jalannya juga rusak",2016-09-23,2016,9,2016-09,Pantai Siring Kemuning,Tempat Umum,4.0
REV006929,ulasan,"Kalau kesini mending musim kemarau karna warna airnya akan berwarna biru tua, klo musim hujan g berwarna.",2016-09-23,2016,9,2016-09,Pantai Siring Kemuning,Tempat Umum,5.0
REV006931,ulasan,Pantai Siring Kemuning ini masih sangat bersih dan sepi. Suasananya sangat nyaman dan pemandangan nya indah. Hanya fasilitas umum memang belum ada dengan baik. Ada penjual rujak juga sayangnya tinggal satu yang bertahan jualan.,2016-09-23,2016,9,2016-09,Pantai Siring Kemuning,Tempat Umum,5.0
REV006937,ulasan,Bagus pantainya pasirnya putih bersih tapi wahana wisatanya perlu ditambah,2023-09-23,2023,9,2023-09,Siring Kemuning,Tempat Umum,3.0
REV006940,ulasan,"Keren, tempatnya bagus. Tolong jangan buang sampah sembarangan",2022-09-23,2022,9,2022-09,Siring Kemuning,Tempat Umum,5.0
REV006941,ulasan,"Pasirnya putih, bersih, dan indah. Saat Anda sampai di sana, ada pelangi yang sangat indah.",2022-09-23,2022,9,2022-09,Siring Kemuning,Tempat Umum,5.0
REV006947,ulasan,"pantainya lumayan sepi, tp ada yg jualan makanan kok,.. toiletnya jg lumayan bersih... cocok dipakai liburan sekeluarga trutama ditengah masa pandemi... wkt blm pandemi aja sepi, apalagi wkt masa pandemi... oiya warga sekitarnya ramah2 ...",2021-09-23,2021,9,2021-09,Siring Kemuning,Tempat Umum,5.0
REV006949,ulasan,Pantainya bersih... Tp sayang lingkungan sekitar kurang terawat bangunan2nya,2021-09-23,2021,9,2021-09,Siring Kemuning,Tempat Umum,4.0
REV006959,ulasan,Pantai yang okeee.. bisa di bilang bersih.. perlu di perhatikan pemerintah supaya lebih bisa bagus lagi,2020-09-23,2020,9,2020-09,Siring Kemuning,Tempat Umum,5.0
REV006963,ulasan,"Pantainya luas, sejuk, bersih, fasilitasnya lengkap, penduduknya ramah, aman, cocok untuk berlibur bersama keluarga sambil menginap disana",2019-09-23,2019,9,2019-09,Siring Kemuning,Tempat Umum,5.0
REV006968,ulasan,"Nyaman, tapi lebih baik lagi kalau diperbanyak tempat sampahnya",2019-09-23,2019,9,2019-09,Siring Kemuning,Tempat Umum,5.0
REV006971,ulasan,"Pantai yang indah dan udara segar. Meskipun tidak dikelola dengan baik, pantai ini memiliki tempat parkir, toilet, dan toko suvenir untuk para pengunjung.",2019-09-23,2019,9,2019-09,Siring Kemuning,Tempat Umum,4.0
REV006976,ulasan,"Untuk tempatnya bagus, serta pasirnya masih putih, namun di tempatnya ini ada beberapa sampah yg itu masih berada di pinggiran pantai... Sehingga perlu dilakukan pembersihan...namun sampah yg berserakan dalam jumlah kecil... Sehingga masih tidak mengganggu aktifitas para pengunjung pantai ini.. dan secara akses jalannya memasuki kampung2 ketika mendekati pantainya.",2018-09-23,2018,9,2018-09,Siring Kemuning,Tempat Umum,5.0
REV006979,ulasan,"Sedikit kotor, tolong dijaga kebersihannya",2018-09-23,2018,9,2018-09,Siring Kemuning,Tempat Umum,4.0
REV006981,ulasan,Indah. Tp sayang banyak sampah nya,2018-09-23,2018,9,2018-09,Siring Kemuning,Tempat Umum,4.0
REV006995,ulasan,Pantai yg lumayan bersih dibanding pantai2 dibangkalan lainnya... view sunset maupun sunrise kereeeen... klw bisa kesini selain hari libur n weekend... biar serasa pantai pribadi... dan gratis klw puagi...wkwkwkwkwk,2018-09-23,2018,9,2018-09,Siring Kemuning,Tempat Umum,5.0
REV006999,ulasan,"pantainya bagus, masih alami dan bersih, cuman mungkin kita datang waktunya kurang tepat yes 😂 , jam 11siang baru nyampe, maklum sebrang pulau dr kota Pasuruan, nyampe pas air lg pasang, jadi ga pake renang, cuman foto2 doang, trip kita kali ni gue namain ""trio honda reya-reyo trip"" bersama ""HRC (Honda Reya-reyo Community)"", check this photos guys, cekidot 😂 😂 😂",2017-09-23,2017,9,2017-09,Siring Kemuning,Tempat Umum,4.0
REV007001,ulasan,"Pantainya bagus, airnya biru matang, view keren abis.. Akses jalanny mudah, deket jalan raya. Tidak bayar sama sekali, gratis mah kalo ke sini, saran kesini hari biasa aja, biar sepi.. Sayangnya pantainya banyak sampahnya hmm.. Gpp lah gratis heheheh IG @marchirfan",2017-09-23,2017,9,2017-09,Siring Kemuning,Tempat Umum,5.0
REV007002,ulasan,siringnya bersih gak kotor dan kita bisa berenang di sana juga pemandangannya bagus banget dan disana ada rumah keluarga aku juga lo.mau gak kesana ????nyesel kalo gak kesana,2017-09-23,2017,9,2017-09,Siring Kemuning,Tempat Umum,5.0
REV007007,ulasan,Niat mau balik naik kapal biar langsung sampek perak langsung masuk toll. Ternyata kapalnya g bisa beroperasi krn airnya surut 😭 😭 😭 😭 . Akhirnya muter lagi balik lewat suramadu. Kesini tgl 12 juli 2026. Padahal pengen banget tau rasanya naik kapal. ...,2026-07-23,2026,7,2026-07,Pelabuhan Kamal,Tempat Umum,4.0
REV007011,ulasan,layanan penjualan tiket baik tp kena zonk nih beli tiket untuk 18.00 kapal tidak beroperasi gak bisa retur tiket sudah gak ada petugas nya 😭 😭 😭 😭 ...,2026-05-23,2026,5,2026-05,Pelabuhan Kamal,Tempat Umum,2.0
REV007014,ulasan,Kebersihan nya kurang kyk nya. Gk kyk dulu sebelum ada jembatan Suramadu pelabuhan ini terawat dan bersih..namun sekarang kayakk nya kurang terawat,2026-03-23,2026,3,2026-03,Pelabuhan Kamal,Tempat Umum,3.0
REV007017,ulasan,"pertama kali nyobain naik kapal dari Madura ke Surabaya. untuk toiletnya bersih, di dalam kapal juga ada bbrpa pedagang asongan. Pengalaman yang sangat berkesan",2026-01-23,2026,1,2026-01,Pelabuhan Kamal,Tempat Umum,5.0
REV007018,ulasan,Pelabuhan Kamal sisi Timur sangat menarik untuk dikunjungi apalagi buat sekedar nongkrong melihat sunset atau kapal yang sedang sandar. Akan tetapi perlu ditingkatkan lagi untuk kebersihan area Pelabuhan Kamal sisi Timur maupun Barat. Terimakasih,2026-01-23,2026,1,2026-01,Pelabuhan Kamal,Tempat Umum,5.0
REV007021,ulasan,"Ga tau tugas mbaknya apa, cuman dia ngebantu orang yang ga punya tiket buat beli tiket lewat hp dia. Yang bikin jengkel semua yg ga ada tiket di belikan satu per satu, yang membuat lama. Kenapa ga di arahin ke jalur lain...? Biar ga terjadi antrian Karena menghambat yang sudah pesan tiket lewat aplikasi. Belum lagi nanti pejalan kakinya senyorobot antrian. buat pesen tiket. Tambahan sekarang 19/11/2025 tambah parah sih bagian tiket pelabuhan kamal, yg belum punya tiket didahulukan karena bisa nyerobot dan bisa beli offline yg prosesnya bikin lama, dan yang sudah beli tiket online malah yang antri lama. Menejemennya kok malah kek gini pelabuhannya. Parah",2025-11-23,2025,11,2025-11,Pelabuhan Kamal,Tempat Umum,1.0
REV007022,ulasan,Tempat parkir bawah tanah selalu penuh sesak.,2025-11-23,2025,11,2025-11,Pelabuhan Kamal,Tempat Umum,5.0
REV007040,ulasan,antri lamaaa via suramadu bisa lebih cepet dan irit di ongkos..,2025-09-23,2025,9,2025-09,Pelabuhan Kamal,Tempat Umum,3.0
REV007047,ulasan,Lumayan untuk edukasi anak TK tentang transportasi air.,2025-09-23,2025,9,2025-09,Pelabuhan Kamal,Tempat Umum,4.0
REV007053,ulasan,"الحمد لله Masih beroperasi tiap satu jam pasti ada kapal yang berangkat. Kalau bisa bisa di renovasi dan inovasi baik sarana, prasarana dan pelayanan agar tidak sepi, bisa mendongkrak UMKM setempat.",2024-09-23,2024,9,2024-09,Pelabuhan Kamal,Tempat Umum,5.0
REV007056,ulasan,Masi kece kok pelayanan bagus,2024-09-23,2024,9,2024-09,Pelabuhan Kamal,Tempat Umum,5.0
REV007058,ulasan,Pelayanan yang tak pernah kenal lelah,2024-09-23,2024,9,2024-09,Pelabuhan Kamal,Tempat Umum,4.0
REV007074,ulasan,Pelayanan yg ramah,2024-09-23,2024,9,2024-09,Pelabuhan Kamal,Tempat Umum,5.0
REV007078,ulasan,Bersih Dan Suasana Nya Nyaman,2024-09-23,2024,9,2024-09,Pelabuhan Kamal,Tempat Umum,4.0
REV007085,ulasan,"Pelayanan baik, sopan, ramah dan saya pun disambut dengan senyuman para petugas serta ada pula langsung mengambil foto saya. Saya merasa tersanjung di Pelabuhan Kamal, Bangkalan, Madura. ❤ 🇮🇩 😊 🙏 💪 👍 ✨ ⚡ ...",2024-09-23,2024,9,2024-09,Pelabuhan Kamal,Tempat Umum,5.0
REV007086,ulasan,Pelabuhan legenda...sayang sekarang kurang terawat..kurang bersih,2024-09-23,2024,9,2024-09,Pelabuhan Kamal,Tempat Umum,5.0
REV007104,ulasan,Tidak ada toilet,2024-09-23,2024,9,2024-09,Pelabuhan Kamal,Tempat Umum,3.0
REV007109,ulasan,Antrinya lama cmn pengalamanya seru,2023-09-23,2023,9,2023-09,Pelabuhan Kamal,Tempat Umum,4.0
REV007115,ulasan,Bersih nyaman ... Cuma masih terdapat anak kecil mengemis..,2023-09-23,2023,9,2023-09,Pelabuhan Kamal,Tempat Umum,5.0
REV007124,ulasan,Masuk pelabuhan pke e toll. Dapat jam 3 sore. Perjalanan ditempuh kurleb 15menit dan gk antri banyak sich posisi weekday,2023-09-23,2023,9,2023-09,Pelabuhan Kamal,Tempat Umum,5.0
REV007137,ulasan,"Pelayanan di pembelian tiket ramah, petugas pengambilan tiket guna naik ke kapal juga ramah.",2023-09-23,2023,9,2023-09,Pelabuhan Kamal,Tempat Umum,5.0
REV007142,ulasan,"Pembelian tiket mudah, kalau misal ngga ada saldo juga bisa langsung topup disana tempatnya juga bersih",2023-09-23,2023,9,2023-09,Pelabuhan Kamal,Tempat Umum,5.0
REV007144,ulasan,"Lumayanlah, tidak terlalu bagus pelayanannya, meskipun terkadang pemandangannya cukup bagus jika Anda mengunjungi tempat ini saat matahari terbenam.",2023-09-23,2023,9,2023-09,Pelabuhan Kamal,Tempat Umum,4.0
REV007157,ulasan,Kurang bersih lut,2023-09-23,2023,9,2023-09,Pelabuhan Kamal,Tempat Umum,5.0
REV007160,ulasan,"Harganya murah,tapi tempatnya kotor",2023-09-23,2023,9,2023-09,Pelabuhan Kamal,Tempat Umum,4.0
REV007161,ulasan,"Sayangnya tidak dikelola dg baik, terlihat kumuh",2023-09-23,2023,9,2023-09,Pelabuhan Kamal,Tempat Umum,2.0
REV007166,ulasan,Layanan dan pengaturan saat menunggu kapal merapat masih kurang petugas keamanan,2023-09-23,2023,9,2023-09,Pelabuhan Kamal,Tempat Umum,4.0
REV007168,ulasan,Tak sebagus yg dulu...kini pelabuhan kamal kurang perawatan,2023-09-23,2023,9,2023-09,Pelabuhan Kamal,Tempat Umum,4.0
REV007176,ulasan,"mudah dicapai,luas, tapi kotor",2023-09-23,2023,9,2023-09,Pelabuhan Kamal,Tempat Umum,3.0
REV007191,ulasan,"Pelayanan tolong diperbaiki lagi, lebih enak yang dulu dan ga ribet. Loket ditambah lagi, khusus untuk penumpang yg tdk membawa kendaraan. Mbak-mbak loketnya juga lebih ramah lagi ke customer, sangat beda pelayanannya dengan di pelabuhan ...",2023-09-23,2023,9,2023-09,Pelabuhan Kamal,Tempat Umum,3.0
REV007192,ulasan,"Untuk pembelian tiket menggunakan etol atau Ovo, pelayanan cepat dan tanggap hanya saja sepertinya loket perlu ditambah memngingat terkadang antri panjang di waktu2 tertentu, pemberangkatan kapal perjam eg: kapal berangkat jam 1,2,3 diwaktu normal, jika kapal dalam perbaikan per 2 jam eg: 1, 3, 5,",2023-09-23,2023,9,2023-09,Pelabuhan Kamal,Tempat Umum,5.0
REV007201,ulasan,Kurang bersih tempatnya...harus dikelola secara profesional,2023-09-23,2023,9,2023-09,Pelabuhan Kamal,Tempat Umum,4.0
REV007229,ulasan,"Tiket nya skrng pake e-toll malah semakin lama tidak efisien. Terlebih calo nya tidak sinkron sama petugas karcis kapal. Tolong diperbaiki untuk sistemnya biar kalo beli karcis cepat sehingga tidak terburu buru naik kapalnya. Peron nya buka 2 tapi yang satunya malah tidak mau melayani, padahal antri panjang.",2022-09-23,2022,9,2022-09,Pelabuhan Kamal,Tempat Umum,1.0
REV007233,ulasan,"Akses menuju pelabuhan penyeberangan kamal banyak genangan air kalau selesai hujan, bayar tiket masuk pakai E tol ,sehingga banyak penyeberang yang kesulitan untuk membayarnya ,pelayanan dan fasilitas penyeberangan kamal cukup baik.",2022-09-23,2022,9,2022-09,Pelabuhan Kamal,Tempat Umum,3.0
REV007239,ulasan,"Terkesan tidak terawat kotor kumuh, tidak ada keindahan & keteraturan.",2022-09-23,2022,9,2022-09,Pelabuhan Kamal,Tempat Umum,3.0
REV007298,ulasan,Bersih dan bagus,2022-09-23,2022,9,2022-09,Pelabuhan Kamal,Tempat Umum,5.0
REV007302,ulasan,sepiii dan kumuh,2022-09-23,2022,9,2022-09,Pelabuhan Kamal,Tempat Umum,2.0
REV007309,ulasan,"Kotor, kurang tertata rapi, pembayaran pakai e-money. Tidak tersedia isi ulang e-money. Petugas lelet kurang sigap",2022-09-23,2022,9,2022-09,Pelabuhan Kamal,Tempat Umum,2.0
REV007313,ulasan,"Kembali lewat jalan mengenang masa kecil, namun sayang banyak sampah d pinggiran dermaga",2022-09-23,2022,9,2022-09,Pelabuhan Kamal,Tempat Umum,4.0
REV007327,ulasan,Pelayanannya cukup baik.,2021-09-23,2021,9,2021-09,Pelabuhan Kamal,Tempat Umum,3.0
REV007331,ulasan,Sudah ada peningkatan dlm pelayanan,2021-09-23,2021,9,2021-09,Pelabuhan Kamal,Tempat Umum,4.0
REV007342,ulasan,"Mohon disediakan ponten umumbdong di pelabuhan kamal , biar klonafa yg kblet mau buang air kecil gk jauh"" kluar plbhan dulu bru nemu pinten",2021-09-23,2021,9,2021-09,Pelabuhan Kamal,Tempat Umum,3.0
REV007347,ulasan,"Pelayanan dan fasilitas masih sama sejak kecil dulu, sayang jam operasional sudah berkurang tidak 24 jam lagi, dan yang beroperasi hanya 1 dermaga",2021-09-23,2021,9,2021-09,Pelabuhan Kamal,Tempat Umum,5.0
REV007349,ulasan,Tempatnya kotor dan terlihat acak acakan,2021-09-23,2021,9,2021-09,Pelabuhan Kamal,Tempat Umum,3.0
REV007352,ulasan,Pelayanan yang baik,2021-09-23,2021,9,2021-09,Pelabuhan Kamal,Tempat Umum,5.0
REV007365,ulasan,transportasi laut yg mudah di jangkau. pelabuhannya bersih,2021-09-23,2021,9,2021-09,Pelabuhan Kamal,Tempat Umum,5.0
REV007368,ulasan,Pelayanan nya cepat,2021-09-23,2021,9,2021-09,Pelabuhan Kamal,Tempat Umum,5.0
REV007374,ulasan,tempatnya kumuh banyak anak2 dan orang tua minta sedekah,2021-09-23,2021,9,2021-09,Pelabuhan Kamal,Tempat Umum,3.0
REV007392,ulasan,Sepi dan pelayanan kurang,2021-09-23,2021,9,2021-09,Pelabuhan Kamal,Tempat Umum,3.0
REV007415,ulasan,"Lumayan bersih untuk kapalnya. Hanya sayang dipenuhi orang jualan, dan amat disayangkan orang jualannya agak maksa. ...",2021-09-23,2021,9,2021-09,Pelabuhan Kamal,Tempat Umum,5.0
REV007419,ulasan,"Salah satu pelabuhan penghubung pulau madura dengan pulau jawa, dulu sebelum ada jembatan suramadu pelabuhan kamal ini sangatlah ramai dan padat sekali. Masuk ke kapal masih antri. Banyak pedagang, sekarang Berbeda jauh, sekarang sangat ...",2021-09-23,2021,9,2021-09,Pelabuhan Kamal,Tempat Umum,5.0
REV007422,ulasan,Lebih rapi dan bersih,2021-09-23,2021,9,2021-09,Pelabuhan Kamal,Tempat Umum,5.0
REV007440,ulasan,"overall oke, tp banyak pengemis dan wilayah kotor",2021-09-23,2021,9,2021-09,Pelabuhan Kamal,Tempat Umum,5.0
REV007447,ulasan,"Kotor, banyak pengemis, panas, harga jualan mahal. Tempat pacaran, enak kalau malam suasananya. Pelarian gabut, ...",2021-09-23,2021,9,2021-09,Pelabuhan Kamal,Tempat Umum,2.0
REV007450,ulasan,Tidak di rawat,2021-09-23,2021,9,2021-09,Pelabuhan Kamal,Tempat Umum,2.0
REV007455,ulasan,Kebersihan ⭐⭐ Kenyamanan ⭐⭐⭐ Keamanan ⭐⭐⭐ ...,2021-09-23,2021,9,2021-09,Pelabuhan Kamal,Tempat Umum,3.0
REV007459,ulasan,"Nyebrang Surabaya - Madura, boncengan motor 2 orang Rp 12.000. Durasi lamanya perjalanan kurang dari 30 menit. Kualitas pelayanan bergantung pada armada yang kita naiki karena ada beberapa operator kapal yang kualitas pelayanannya juga berbeda-beda.",2021-09-23,2021,9,2021-09,Pelabuhan Kamal,Tempat Umum,4.0
REV007463,ulasan,Cara lain untuk menuju surabaya - madura maupun sebaliknya. Fasilitas di pelabuhan kurang memadai.. Kurang bersih.,2021-09-23,2021,9,2021-09,Pelabuhan Kamal,Tempat Umum,2.0
REV007464,ulasan,Enak tapi agak kotor,2021-09-23,2021,9,2021-09,Pelabuhan Kamal,Tempat Umum,4.0
REV007468,ulasan,Sudah oke. Sayang orang2 di kapal suka buang kapal di laut. Mendung dikasih tulisan dilarang buang sampah ke laut,2021-09-23,2021,9,2021-09,Pelabuhan Kamal,Tempat Umum,5.0
REV007470,ulasan,Dipelabuhan kurang adanya fasilitas umum seperti toilet dan bangunan kurang terawat,2021-09-23,2021,9,2021-09,Pelabuhan Kamal,Tempat Umum,2.0
REV007472,ulasan,"Dahulu tempat ini sebagai tempat penyebrangan yang ramai dan armada penyebrangan juga banyak.Tapi setelah di bangunnya Jembatan Suramadu pelabuhan ini menjadi sepi,karena penyebrang lebih memilih lewat jembatan suramadu,selain gratis alasan lain tidak ada Antri.",2021-09-23,2021,9,2021-09,Pelabuhan Kamal,Tempat Umum,3.0
REV007473,ulasan,"Banyak yg tidak bermasker, mana yg batuk gak mau nutupi padahal keadaannya rame. Sosialiasi etika di tempat umum perlu digalakkan, apalagi pas pandemi seperti ini. Mohon pengelola pelabuhan lebih tegas lagi dalam menegakkan protokol kesehatan.",2020-09-23,2020,9,2020-09,Pelabuhan Kamal,Tempat Umum,3.0
REV007485,ulasan,Layanan Fery JokoTole sampai Jam 21.00,2020-09-23,2020,9,2020-09,Pelabuhan Kamal,Tempat Umum,5.0
REV007494,ulasan,sedikit kotor dan kurang rapih,2019-09-23,2019,9,2019-09,Pelabuhan Kamal,Tempat Umum,3.0
REV007501,ulasan,"Pelayanannya kurang memuaskan, masak iya udh TF kok bisa-bisanya brimo saya blokir 😏 pokoknya jangan di ulangin lagi deh ...",2024-09-23,2024,9,2024-09,Kamal,Tempat Umum,1.0
REV007506,ulasan,Bersih rapi sekarang,2022-09-23,2022,9,2022-09,Kamal,Tempat Umum,4.0
REV007509,ulasan,Terminalnya kurang perawatan dan sudah kurang bersih,2022-09-23,2022,9,2022-09,Kamal,Tempat Umum,3.0
REV007512,ulasan,Mau tanya ajah ... Klo dari sby ke madura pake surat2 rapid ato vaksin ngk sihh... Trus utk anak kecil apa bisa??,2021-09-23,2021,9,2021-09,Kamal,Tempat Umum,5.0
REV007533,ulasan,"Sekarang pelabuhan kamal sepi, untuk pelayanan penyeberangan tidak 24 jam lagi.bangunan sudah kelihatan tidak terawat dan lengang bila siang hari.jumlah penumpang pun sedikit sekali, karena hanya melayani bangkalan sebelah barat dan sekitarnya. Karena kalau melintas jembatan suramadu harus memutar cukup jauh.penyeberangan ini masih cukup membatu masyarakat khususnya bangkalan.",2019-09-23,2019,9,2019-09,Kamal,Tempat Umum,5.0
REV007550,ulasan,"Pelabuhan Kamal Terletak Di Wilayah Kamal, Bangkalan, Madura, Jawa Timur. Untuk Harga Masuk Ke Pelabuhan Sekaligus Tiket Kapal Mulai Dari Rp. 7000 Rupiah. Kapal Yang Sering Membantu Para Masyarakat Dalam Menyeberangi Selat Madura Yaitu KMP Joko Tole. Setiap Kapal Akan Berlabuh Kapal Selalu Memberi Tanda Semacam Klakson Atau Sirine Dan Para Petugas Pun Siaga Membantu Para Penumpang Untuk Masuk Maupun Keluar Kapal. Kondisi Pelabuhan Hingga Kapal Cukup Bersih Dan Nyaman. Para Petugas Juga Sangat Membantu, Sigap Dan Ramah.",2018-09-23,2018,9,2018-09,Kamal,Tempat Umum,4.0
REV007556,ulasan,pelabuhan ini kotor mungkin bisa ditingkatkan kebersihannya,2018-09-23,2018,9,2018-09,Kamal,Tempat Umum,3.0
REV007561,ulasan,"Untuk beberapa hari Terakhir, pelayanan Awak Kapal Sangat Memuaskan dan Ramah. Terkadang agak lama Antrian karena agak sepi penumpang. Jam 21.00 sudah ditutup, Usahakan kira2 jam20.00 sudah masuk pelabuhan",2018-09-23,2018,9,2018-09,Kamal,Tempat Umum,5.0
REV007562,ulasan,Suasana tradisional terasa jd daya tarik wisata. Perlu ditingkatkan sistem layanan penumpang ddg informasi yg lebih jelas. Kebersihan kurang,2018-09-23,2018,9,2018-09,Kamal,Tempat Umum,3.0
REV007569,ulasan,"Penyeberangannya mulai sepi karena imbas adanya jembatan suramadu, pelayanan seadanya..",2018-09-23,2018,9,2018-09,Kamal,Tempat Umum,4.0
REV007579,ulasan,Antrian motor masih kurang rapih,2017-09-23,2017,9,2017-09,Kamal,Tempat Umum,3.0
